Workbook

Sheet real draft
A1: Player | B1: FG% | C1: FT% | D1: 3PM | E1: PTS | F1: TREB | G1: AST | H1: STL | I1: BLK | J1: TO | L1: Rds1-2 | M1: MyRAnk | N1: LY Rank | O1: FG% | P1: FT% | Q1: 3PM | R1: PTS | S1: TREB | T1: AST | U1: STL | V1: BLK | W1: TO
A2: Nikola Jokic | B2: =VLOOKUP($A2,'2026-2027 projections'!$B:$AJ,23,FALSE) -> 3.0692222 | C2: =VLOOKUP($A2,'2026-2027 projections'!$B:$AJ,24,FALSE) -> 0.67648884 | D2: =VLOOKUP($A2,'2026-2027 projections'!$B:$AJ,25,FALSE) -> 0.13976398 | E2: =VLOOKUP($A2,'2026-2027 projections'!$B:$AJ,26,FALSE) -> 2.3666915 | F2: =VLOOKUP($A2,'2026-2027 projections'!$B:$AJ,27,FALSE) -> 2.9186971 | G2: =VLOOKUP($A2,'2026-2027 projections'!$B:$AJ,28,FALSE) -> 3.4855537 | H2: =VLOOKUP($A2,'2026-2027 projections'!$B:$AJ,29,FALSE) -> 1.7128721 | I2: =VLOOKUP($A2,'2026-2027 projections'!$B:$AJ,30,FALSE) -> 0.043434608 | J2: =VLOOKUP($A2,'2026-2027 projections'!$B:$AJ,31,FALSE) -> -2 | L2: Nikola Jokic | M2: =VLOOKUP(L2,'2026-2027 projections'!B:C,2,FALSE) -> 1 | N2: =VLOOKUP(L2,'2026-2027 projections'!B:D,3,FALSE) -> 1 | O2: =VLOOKUP($L2,'2026-2027 projections'!$B:$AJ,23,FALSE) -> 3.0692222 | P2: =VLOOKUP($L2,'2026-2027 projections'!$B:$AJ,24,FALSE) -> 0.67648884 | Q2: =VLOOKUP($L2,'2026-2027 projections'!$B:$AJ,25,FALSE) -> 0.13976398 | R2: =VLOOKUP($L2,'2026-2027 projections'!$B:$AJ,26,FALSE) -> 2.3666915 | S2: =VLOOKUP($L2,'2026-2027 projections'!$B:$AJ,27,FALSE) -> 2.9186971 | T2: =VLOOKUP($L2,'2026-2027 projections'!$B:$AJ,28,FALSE) -> 3.4855537 | U2: =VLOOKUP($L2,'2026-2027 projections'!$B:$AJ,29,FALSE) -> 1.7128721 | V2: =VLOOKUP($L2,'2026-2027 projections'!$B:$AJ,30,FALSE) -> 0.043434608 | W2: =VLOOKUP($L2,'2026-2027 projections'!$B:$AJ,31,FALSE) -> -2 | AC2: FG% | AD2: FT% | AE2: 3PM | AF2: PTS | AG2: Reb | AH2: AST | AI2: STL | AJ2: BLK | AK2: TO
A3: Tyrese Haliburton | B3: =VLOOKUP($A3,'2026-2027 projections'!$B:$AJ,23,FALSE) -> -0.32171307 | C3: =VLOOKUP($A3,'2026-2027 projections'!$B:$AJ,24,FALSE) -> 0.60575292 | D3: =VLOOKUP($A3,'2026-2027 projections'!$B:$AJ,25,FALSE) -> 1.1919198 | E3: =VLOOKUP($A3,'2026-2027 projections'!$B:$AJ,26,FALSE) -> 0.2655712 | F3: =VLOOKUP($A3,'2026-2027 projections'!$B:$AJ,27,FALSE) -> -0.99291185 | G3: =VLOOKUP($A3,'2026-2027 projections'!$B:$AJ,28,FALSE) -> 3.0724967 | H3: =VLOOKUP($A3,'2026-2027 projections'!$B:$AJ,29,FALSE) -> 0.83234193 | I3: =VLOOKUP($A3,'2026-2027 projections'!$B:$AJ,30,FALSE) -> -0.15959693 | J3: =VLOOKUP($A3,'2026-2027 projections'!$B:$AJ,31,FALSE) -> 0.19892375 | L3: Tyrese Haliburton | M3: =VLOOKUP(L3,'2026-2027 projections'!B:C,2,FALSE) -> 8 | N3: =VLOOKUP(L3,'2026-2027 projections'!B:D,3,FALSE) -> #N/A | O3: =VLOOKUP($L3,'2026-2027 projections'!$B:$AJ,23,FALSE) -> -0.32171307 | P3: =VLOOKUP($L3,'2026-2027 projections'!$B:$AJ,24,FALSE) -> 0.60575292 | Q3: =VLOOKUP($L3,'2026-2027 projections'!$B:$AJ,25,FALSE) -> 1.1919198 | R3: =VLOOKUP($L3,'2026-2027 projections'!$B:$AJ,26,FALSE) -> 0.2655712 | S3: =VLOOKUP($L3,'2026-2027 projections'!$B:$AJ,27,FALSE) -> -0.99291185 | T3: =VLOOKUP($L3,'2026-2027 projections'!$B:$AJ,28,FALSE) -> 3.0724967 | U3: =VLOOKUP($L3,'2026-2027 projections'!$B:$AJ,29,FALSE) -> 0.83234193 | V3: =VLOOKUP($L3,'2026-2027 projections'!$B:$AJ,30,FALSE) -> -0.15959693 | W3: =VLOOKUP($L3,'2026-2027 projections'!$B:$AJ,31,FALSE) -> 0.19892375 | AA3: Team avg | AC3: =SUM(#REF!)/SUM(#REF!) -> #REF! | AD3: =SUM(#REF!)/SUM(#REF!) -> #REF! | AE3: =AVERAGE(#REF!) -> #REF! | AF3: =AVERAGE(#REF!) -> #REF! | AG3: =AVERAGE(#REF!) -> #REF! | AH3: =AVERAGE(#REF!) -> #REF! | AI3: =AVERAGE(#REF!) -> #REF! | AJ3: =AVERAGE(#REF!) -> #REF! | AK3: =AVERAGE(#REF!) -> #REF!
B4: =VLOOKUP($A4,'2026-2027 projections'!$B:$AJ,23,FALSE) -> #N/A | C4: =VLOOKUP($A4,'2026-2027 projections'!$B:$AJ,24,FALSE) -> #N/A | D4: =VLOOKUP($A4,'2026-2027 projections'!$B:$AJ,25,FALSE) -> #N/A | E4: =VLOOKUP($A4,'2026-2027 projections'!$B:$AJ,26,FALSE) -> #N/A | F4: =VLOOKUP($A4,'2026-2027 projections'!$B:$AJ,27,FALSE) -> #N/A | G4: =VLOOKUP($A4,'2026-2027 projections'!$B:$AJ,28,FALSE) -> #N/A | H4: =VLOOKUP($A4,'2026-2027 projections'!$B:$AJ,29,FALSE) -> #N/A | I4: =VLOOKUP($A4,'2026-2027 projections'!$B:$AJ,30,FALSE) -> #N/A | J4: =VLOOKUP($A4,'2026-2027 projections'!$B:$AJ,31,FALSE) -> #N/A | L4: Jayson Tatum | M4: =VLOOKUP(L4,'2026-2027 projections'!B:C,2,FALSE) -> 7 | N4: =VLOOKUP(L4,'2026-2027 projections'!B:D,3,FALSE) -> 30 | O4: =VLOOKUP($L4,'2026-2027 projections'!$B:$AJ,23,FALSE) -> -0.66986601 | P4: =VLOOKUP($L4,'2026-2027 projections'!$B:$AJ,24,FALSE) -> 0.65880486 | Q4: =VLOOKUP($L4,'2026-2027 projections'!$B:$AJ,25,FALSE) -> 1.7179977 | R4: =VLOOKUP($L4,'2026-2027 projections'!$B:$AJ,26,FALSE) -> 1.9313242 | S4: =VLOOKUP($L4,'2026-2027 projections'!$B:$AJ,27,FALSE) -> 1.2957955 | T4: =VLOOKUP($L4,'2026-2027 projections'!$B:$AJ,28,FALSE) -> 1.2653723 | U4: =VLOOKUP($L4,'2026-2027 projections'!$B:$AJ,29,FALSE) -> 0.53883188 | V4: =VLOOKUP($L4,'2026-2027 projections'!$B:$AJ,30,FALSE) -> -0.36262847 | W4: =VLOOKUP($L4,'2026-2027 projections'!$B:$AJ,31,FALSE) -> -1.3021698 | AA4: Pop Means | AC4: 0.48 | AD4: 0.795 | AE4: 1.71 | AF4: 16 | AG4: 5.6 | AH4: 3.5 | AI4: 1 | AJ4: =#REF! -> #REF! | AK4: =#REF! -> #REF!
B5: =VLOOKUP($A5,'2026-2027 projections'!$B:$AJ,23,FALSE) -> #N/A | C5: =VLOOKUP($A5,'2026-2027 projections'!$B:$AJ,24,FALSE) -> #N/A | D5: =VLOOKUP($A5,'2026-2027 projections'!$B:$AJ,25,FALSE) -> #N/A | E5: =VLOOKUP($A5,'2026-2027 projections'!$B:$AJ,26,FALSE) -> #N/A | F5: =VLOOKUP($A5,'2026-2027 projections'!$B:$AJ,27,FALSE) -> #N/A | G5: =VLOOKUP($A5,'2026-2027 projections'!$B:$AJ,28,FALSE) -> #N/A | H5: =VLOOKUP($A5,'2026-2027 projections'!$B:$AJ,29,FALSE) -> #N/A | I5: =VLOOKUP($A5,'2026-2027 projections'!$B:$AJ,30,FALSE) -> #N/A | J5: =VLOOKUP($A5,'2026-2027 projections'!$B:$AJ,31,FALSE) -> #N/A | L5: Anthony Edwards | M5: =VLOOKUP(L5,'2026-2027 projections'!B:C,2,FALSE) -> 13 | N5: =VLOOKUP(L5,'2026-2027 projections'!B:D,3,FALSE) -> 15 | O5: =VLOOKUP($L5,'2026-2027 projections'!$B:$AJ,23,FALSE) -> 0.085699774 | P5: =VLOOKUP($L5,'2026-2027 projections'!$B:$AJ,24,FALSE) -> 0.5338926 | Q5: =VLOOKUP($L5,'2026-2027 projections'!$B:$AJ,25,FALSE) -> 2.13886 | R5: =VLOOKUP($L5,'2026-2027 projections'!$B:$AJ,26,FALSE) -> 2.4234785 | S5: =VLOOKUP($L5,'2026-2027 projections'!$B:$AJ,27,FALSE) -> -0.035816045 | T5: =VLOOKUP($L5,'2026-2027 projections'!$B:$AJ,28,FALSE) -> -0.077062871 | U5: =VLOOKUP($L5,'2026-2027 projections'!$B:$AJ,29,FALSE) -> 0.53883188 | V5: =VLOOKUP($L5,'2026-2027 projections'!$B:$AJ,30,FALSE) -> 0.043434608 | W5: =VLOOKUP($L5,'2026-2027 projections'!$B:$AJ,31,FALSE) -> -1.5750959
B6: =VLOOKUP($A6,'2026-2027 projections'!$B:$AJ,23,FALSE) -> #N/A | C6: =VLOOKUP($A6,'2026-2027 projections'!$B:$AJ,24,FALSE) -> #N/A | D6: =VLOOKUP($A6,'2026-2027 projections'!$B:$AJ,25,FALSE) -> #N/A | E6: =VLOOKUP($A6,'2026-2027 projections'!$B:$AJ,26,FALSE) -> #N/A | F6: =VLOOKUP($A6,'2026-2027 projections'!$B:$AJ,27,FALSE) -> #N/A | G6: =VLOOKUP($A6,'2026-2027 projections'!$B:$AJ,28,FALSE) -> #N/A | H6: =VLOOKUP($A6,'2026-2027 projections'!$B:$AJ,29,FALSE) -> #N/A | I6: =VLOOKUP($A6,'2026-2027 projections'!$B:$AJ,30,FALSE) -> #N/A | J6: =VLOOKUP($A6,'2026-2027 projections'!$B:$AJ,31,FALSE) -> #N/A | L6: Donovan Mitchell | M6: =VLOOKUP(L6,'2026-2027 projections'!B:C,2,FALSE) -> 11 | N6: =VLOOKUP(L6,'2026-2027 projections'!B:D,3,FALSE) -> 7 | O6: =VLOOKUP($L6,'2026-2027 projections'!$B:$AJ,23,FALSE) -> -0.73958851 | P6: =VLOOKUP($L6,'2026-2027 projections'!$B:$AJ,24,FALSE) -> 1.0064535 | Q6: =VLOOKUP($L6,'2026-2027 projections'!$B:$AJ,25,FALSE) -> 1.7179977 | R6: =VLOOKUP($L6,'2026-2027 projections'!$B:$AJ,26,FALSE) -> 2.0827563 | S6: =VLOOKUP($L6,'2026-2027 projections'!$B:$AJ,27,FALSE) -> -0.4103318 | T6: =VLOOKUP($L6,'2026-2027 projections'!$B:$AJ,28,FALSE) -> 0.90394748 | U6: =VLOOKUP($L6,'2026-2027 projections'!$B:$AJ,29,FALSE) -> 1.419362 | V6: =VLOOKUP($L6,'2026-2027 projections'!$B:$AJ,30,FALSE) -> -0.76869155 | W6: =VLOOKUP($L6,'2026-2027 projections'!$B:$AJ,31,FALSE) -> -1.0292437 | AA6: Stdev to pop | AC6: =((SUM(#REF!)/SUM(#REF!))-#REF!)/#REF!*SQRT(SUM(#REF!)/(COUNT(#REF!)*#REF!)) -> #REF! | AD6: =IFERROR(((SUM(#REF!)/SUM(#REF!)-#REF!)/#REF!)*SQRT(SUM(#REF!)/(COUNT(#REF!)*#REF!)),"n/a") -> n/a | AE6: =(AVERAGE(#REF!)-#REF!)/#REF! -> #REF! | AF6: =(AVERAGE(#REF!)-#REF!)/#REF! -> #REF! | AG6: =(AVERAGE(#REF!)-#REF!)/#REF! -> #REF! | AH6: =(AVERAGE(#REF!)-#REF!)/#REF! -> #REF! | AI6: =(AVERAGE(#REF!)-#REF!)/#REF! -> #REF! | AJ6: =(AVERAGE(#REF!)-#REF!)/#REF! -> #REF! | AK6: =(AVERAGE(#REF!)-#REF!)/#REF!*-1 -> #REF!
B7: =VLOOKUP($A7,'2026-2027 projections'!$B:$AJ,23,FALSE) -> #N/A | C7: =VLOOKUP($A7,'2026-2027 projections'!$B:$AJ,24,FALSE) -> #N/A | D7: =VLOOKUP($A7,'2026-2027 projections'!$B:$AJ,25,FALSE) -> #N/A | E7: =VLOOKUP($A7,'2026-2027 projections'!$B:$AJ,26,FALSE) -> #N/A | F7: =VLOOKUP($A7,'2026-2027 projections'!$B:$AJ,27,FALSE) -> #N/A | G7: =VLOOKUP($A7,'2026-2027 projections'!$B:$AJ,28,FALSE) -> #N/A | H7: =VLOOKUP($A7,'2026-2027 projections'!$B:$AJ,29,FALSE) -> #N/A | I7: =VLOOKUP($A7,'2026-2027 projections'!$B:$AJ,30,FALSE) -> #N/A | J7: =VLOOKUP($A7,'2026-2027 projections'!$B:$AJ,31,FALSE) -> #N/A | M7: =VLOOKUP(L7,'2026-2027 projections'!B:C,2,FALSE) -> #N/A | N7: =VLOOKUP(L7,'2026-2027 projections'!B:D,3,FALSE) -> #N/A | O7: =VLOOKUP($L7,'2026-2027 projections'!$B:$AJ,23,FALSE) -> #N/A | P7: =VLOOKUP($L7,'2026-2027 projections'!$B:$AJ,24,FALSE) -> #N/A | Q7: =VLOOKUP($L7,'2026-2027 projections'!$B:$AJ,25,FALSE) -> #N/A | R7: =VLOOKUP($L7,'2026-2027 projections'!$B:$AJ,26,FALSE) -> #N/A | S7: =VLOOKUP($L7,'2026-2027 projections'!$B:$AJ,27,FALSE) -> #N/A | T7: =VLOOKUP($L7,'2026-2027 projections'!$B:$AJ,28,FALSE) -> #N/A | U7: =VLOOKUP($L7,'2026-2027 projections'!$B:$AJ,29,FALSE) -> #N/A | V7: =VLOOKUP($L7,'2026-2027 projections'!$B:$AJ,30,FALSE) -> #N/A | W7: =VLOOKUP($L7,'2026-2027 projections'!$B:$AJ,31,FALSE) -> #N/A
B8: =VLOOKUP($A8,'2026-2027 projections'!$B:$AJ,23,FALSE) -> #N/A | C8: =VLOOKUP($A8,'2026-2027 projections'!$B:$AJ,24,FALSE) -> #N/A | D8: =VLOOKUP($A8,'2026-2027 projections'!$B:$AJ,25,FALSE) -> #N/A | E8: =VLOOKUP($A8,'2026-2027 projections'!$B:$AJ,26,FALSE) -> #N/A | F8: =VLOOKUP($A8,'2026-2027 projections'!$B:$AJ,27,FALSE) -> #N/A | G8: =VLOOKUP($A8,'2026-2027 projections'!$B:$AJ,28,FALSE) -> #N/A | H8: =VLOOKUP($A8,'2026-2027 projections'!$B:$AJ,29,FALSE) -> #N/A | I8: =VLOOKUP($A8,'2026-2027 projections'!$B:$AJ,30,FALSE) -> #N/A | J8: =VLOOKUP($A8,'2026-2027 projections'!$B:$AJ,31,FALSE) -> #N/A | M8: =VLOOKUP(L8,'2026-2027 projections'!B:C,2,FALSE) -> #N/A | N8: =VLOOKUP(L8,'2026-2027 projections'!B:D,3,FALSE) -> #N/A | O8: =VLOOKUP($L8,'2026-2027 projections'!$B:$AJ,23,FALSE) -> #N/A | P8: =VLOOKUP($L8,'2026-2027 projections'!$B:$AJ,24,FALSE) -> #N/A | Q8: =VLOOKUP($L8,'2026-2027 projections'!$B:$AJ,25,FALSE) -> #N/A | R8: =VLOOKUP($L8,'2026-2027 projections'!$B:$AJ,26,FALSE) -> #N/A | S8: =VLOOKUP($L8,'2026-2027 projections'!$B:$AJ,27,FALSE) -> #N/A | T8: =VLOOKUP($L8,'2026-2027 projections'!$B:$AJ,28,FALSE) -> #N/A | U8: =VLOOKUP($L8,'2026-2027 projections'!$B:$AJ,29,FALSE) -> #N/A | V8: =VLOOKUP($L8,'2026-2027 projections'!$B:$AJ,30,FALSE) -> #N/A | W8: =VLOOKUP($L8,'2026-2027 projections'!$B:$AJ,31,FALSE) -> #N/A
B9: =VLOOKUP($A9,'2026-2027 projections'!$B:$AJ,23,FALSE) -> #N/A | C9: =VLOOKUP($A9,'2026-2027 projections'!$B:$AJ,24,FALSE) -> #N/A | D9: =VLOOKUP($A9,'2026-2027 projections'!$B:$AJ,25,FALSE) -> #N/A | E9: =VLOOKUP($A9,'2026-2027 projections'!$B:$AJ,26,FALSE) -> #N/A | F9: =VLOOKUP($A9,'2026-2027 projections'!$B:$AJ,27,FALSE) -> #N/A | G9: =VLOOKUP($A9,'2026-2027 projections'!$B:$AJ,28,FALSE) -> #N/A | H9: =VLOOKUP($A9,'2026-2027 projections'!$B:$AJ,29,FALSE) -> #N/A | I9: =VLOOKUP($A9,'2026-2027 projections'!$B:$AJ,30,FALSE) -> #N/A | J9: =VLOOKUP($A9,'2026-2027 projections'!$B:$AJ,31,FALSE) -> #N/A | M9: =VLOOKUP(L9,#REF!,2,FALSE) -> #REF! | N9: =VLOOKUP(L9,#REF!,3,FALSE) -> #REF! | O9: =VLOOKUP($L9,'2026-2027 projections'!$B:$AJ,23,FALSE) -> #N/A | P9: =VLOOKUP($L9,'2026-2027 projections'!$B:$AJ,24,FALSE) -> #N/A | Q9: =VLOOKUP($L9,'2026-2027 projections'!$B:$AJ,25,FALSE) -> #N/A | R9: =VLOOKUP($L9,'2026-2027 projections'!$B:$AJ,26,FALSE) -> #N/A | S9: =VLOOKUP($L9,'2026-2027 projections'!$B:$AJ,27,FALSE) -> #N/A | T9: =VLOOKUP($L9,'2026-2027 projections'!$B:$AJ,28,FALSE) -> #N/A | U9: =VLOOKUP($L9,'2026-2027 projections'!$B:$AJ,29,FALSE) -> #N/A | V9: =VLOOKUP($L9,'2026-2027 projections'!$B:$AJ,30,FALSE) -> #N/A | W9: =VLOOKUP($L9,'2026-2027 projections'!$B:$AJ,31,FALSE) -> #N/A | AB9: what does adding this player do to my existing roster's stats?
B10: =VLOOKUP($A10,'2026-2027 projections'!$B:$AJ,23,FALSE) -> #N/A | C10: =VLOOKUP($A10,'2026-2027 projections'!$B:$AJ,24,FALSE) -> #N/A | D10: =VLOOKUP($A10,'2026-2027 projections'!$B:$AJ,25,FALSE) -> #N/A | E10: =VLOOKUP($A10,'2026-2027 projections'!$B:$AJ,26,FALSE) -> #N/A | F10: =VLOOKUP($A10,'2026-2027 projections'!$B:$AJ,27,FALSE) -> #N/A | G10: =VLOOKUP($A10,'2026-2027 projections'!$B:$AJ,28,FALSE) -> #N/A | H10: =VLOOKUP($A10,'2026-2027 projections'!$B:$AJ,29,FALSE) -> #N/A | I10: =VLOOKUP($A10,'2026-2027 projections'!$B:$AJ,30,FALSE) -> #N/A | J10: =VLOOKUP($A10,'2026-2027 projections'!$B:$AJ,31,FALSE) -> #N/A | M10: =VLOOKUP(L10,#REF!,2,FALSE) -> #REF! | N10: =VLOOKUP(L10,#REF!,3,FALSE) -> #REF! | O10: =VLOOKUP($L10,'2026-2027 projections'!$B:$AJ,23,FALSE) -> #N/A | P10: =VLOOKUP($L10,'2026-2027 projections'!$B:$AJ,24,FALSE) -> #N/A | Q10: =VLOOKUP($L10,'2026-2027 projections'!$B:$AJ,25,FALSE) -> #N/A | R10: =VLOOKUP($L10,'2026-2027 projections'!$B:$AJ,26,FALSE) -> #N/A | S10: =VLOOKUP($L10,'2026-2027 projections'!$B:$AJ,27,FALSE) -> #N/A | T10: =VLOOKUP($L10,'2026-2027 projections'!$B:$AJ,28,FALSE) -> #N/A | U10: =VLOOKUP($L10,'2026-2027 projections'!$B:$AJ,29,FALSE) -> #N/A | V10: =VLOOKUP($L10,'2026-2027 projections'!$B:$AJ,30,FALSE) -> #N/A | W10: =VLOOKUP($L10,'2026-2027 projections'!$B:$AJ,31,FALSE) -> #N/A
B11: =VLOOKUP($A11,'2026-2027 projections'!$B:$AJ,23,FALSE) -> #N/A | C11: =VLOOKUP($A11,'2026-2027 projections'!$B:$AJ,24,FALSE) -> #N/A | D11: =VLOOKUP($A11,'2026-2027 projections'!$B:$AJ,25,FALSE) -> #N/A | E11: =VLOOKUP($A11,'2026-2027 projections'!$B:$AJ,26,FALSE) -> #N/A | F11: =VLOOKUP($A11,'2026-2027 projections'!$B:$AJ,27,FALSE) -> #N/A | G11: =VLOOKUP($A11,'2026-2027 projections'!$B:$AJ,28,FALSE) -> #N/A | H11: =VLOOKUP($A11,'2026-2027 projections'!$B:$AJ,29,FALSE) -> #N/A | I11: =VLOOKUP($A11,'2026-2027 projections'!$B:$AJ,30,FALSE) -> #N/A | J11: =VLOOKUP($A11,'2026-2027 projections'!$B:$AJ,31,FALSE) -> #N/A | AA11: =IFERROR(VLOOKUP($A11,'2026-2027 projections'!$B:$AF,20,FALSE),"") | AC11: FG% | AD11: FT% | AE11: 3PM | AF11: PTS | AG11: TREB | AH11: AST | AI11: STL | AJ11: BLK | AK11: TO
B12: =VLOOKUP($A12,'2026-2027 projections'!$B:$AJ,23,FALSE) -> #N/A | C12: =VLOOKUP($A12,'2026-2027 projections'!$B:$AJ,24,FALSE) -> #N/A | D12: =VLOOKUP($A12,'2026-2027 projections'!$B:$AJ,25,FALSE) -> #N/A | E12: =VLOOKUP($A12,'2026-2027 projections'!$B:$AJ,26,FALSE) -> #N/A | F12: =VLOOKUP($A12,'2026-2027 projections'!$B:$AJ,27,FALSE) -> #N/A | G12: =VLOOKUP($A12,'2026-2027 projections'!$B:$AJ,28,FALSE) -> #N/A | H12: =VLOOKUP($A12,'2026-2027 projections'!$B:$AJ,29,FALSE) -> #N/A | I12: =VLOOKUP($A12,'2026-2027 projections'!$B:$AJ,30,FALSE) -> #N/A | J12: =VLOOKUP($A12,'2026-2027 projections'!$B:$AJ,31,FALSE) -> #N/A | Z12: New Players | AB12: Before | AC12: =AVERAGEIF(#REF!, "<>#N/A") -> #REF! | AD12: =AVERAGEIF(#REF!, "<>#N/A") -> #REF! | AE12: =AVERAGEIF(#REF!, "<>#N/A") -> #REF! | AF12: =AVERAGEIF(#REF!, "<>#N/A") -> #REF! | AG12: =AVERAGEIF(#REF!, "<>#N/A") -> #REF! | AH12: =AVERAGEIF(#REF!, "<>#N/A") -> #REF! | AI12: =AVERAGEIF(#REF!, "<>#N/A") -> #REF! | AJ12: =AVERAGEIF(#REF!, "<>#N/A") -> #REF! | AK12: =AVERAGEIF(#REF!, "<>#N/A") -> #REF!
B13: =VLOOKUP($A13,'2026-2027 projections'!$B:$AJ,23,FALSE) -> #N/A | C13: =VLOOKUP($A13,'2026-2027 projections'!$B:$AJ,24,FALSE) -> #N/A | D13: =VLOOKUP($A13,'2026-2027 projections'!$B:$AJ,25,FALSE) -> #N/A | E13: =VLOOKUP($A13,'2026-2027 projections'!$B:$AJ,26,FALSE) -> #N/A | F13: =VLOOKUP($A13,'2026-2027 projections'!$B:$AJ,27,FALSE) -> #N/A | G13: =VLOOKUP($A13,'2026-2027 projections'!$B:$AJ,28,FALSE) -> #N/A | H13: =VLOOKUP($A13,'2026-2027 projections'!$B:$AJ,29,FALSE) -> #N/A | I13: =VLOOKUP($A13,'2026-2027 projections'!$B:$AJ,30,FALSE) -> #N/A | J13: =VLOOKUP($A13,'2026-2027 projections'!$B:$AJ,31,FALSE) -> #N/A | L13: Rd3-4 | M13: Fair Value | N13: LY Rank | O13: FG% | P13: FT% | Q13: 3PM | R13: PTS | S13: TREB | T13: AST | U13: STL | V13: BLK | W13: TO | Z13: James Harden | AB13: After | AC13: =SUM(#REF!,#REF!)/SUM(#REF!,#REF!) -> #REF! | AD13: =SUM(#REF!,AA11)/SUM(#REF!,#REF!) -> #REF! | AE13: =AVERAGE(#REF!,AE11) -> #REF! | AF13: =AVERAGE(#REF!,AF11) -> #REF! | AG13: =AVERAGE(#REF!,AG11) -> #REF! | AH13: =AVERAGE(#REF!,AH11) -> #REF! | AI13: =AVERAGE(#REF!,AI11) -> #REF! | AJ13: =AVERAGE(#REF!,AJ11) -> #REF! | AK13: =AVERAGE(#REF!,AK11) -> #REF!
B14: =VLOOKUP($A14,'2026-2027 projections'!$B:$AJ,23,FALSE) -> #N/A | C14: =VLOOKUP($A14,'2026-2027 projections'!$B:$AJ,24,FALSE) -> #N/A | D14: =VLOOKUP($A14,'2026-2027 projections'!$B:$AJ,25,FALSE) -> #N/A | E14: =VLOOKUP($A14,'2026-2027 projections'!$B:$AJ,26,FALSE) -> #N/A | F14: =VLOOKUP($A14,'2026-2027 projections'!$B:$AJ,27,FALSE) -> #N/A | G14: =VLOOKUP($A14,'2026-2027 projections'!$B:$AJ,28,FALSE) -> #N/A | H14: =VLOOKUP($A14,'2026-2027 projections'!$B:$AJ,29,FALSE) -> #N/A | I14: =VLOOKUP($A14,'2026-2027 projections'!$B:$AJ,30,FALSE) -> #N/A | J14: =VLOOKUP($A14,'2026-2027 projections'!$B:$AJ,31,FALSE) -> #N/A | L14: Scottie Barnes | M14: =VLOOKUP(L14,'2026-2027 projections'!B:C,2,FALSE) -> 20 | N14: =VLOOKUP(L14,'2026-2027 projections'!B:D,3,FALSE) -> 16 | O14: =VLOOKUP($L14,'2026-2027 projections'!$B:$AJ,23,FALSE) -> -0.1435274 | P14: =VLOOKUP($L14,'2026-2027 projections'!$B:$AJ,24,FALSE) -> -0.063018339 | Q14: =VLOOKUP($L14,'2026-2027 projections'!$B:$AJ,25,FALSE) -> -0.70196065 | R14: =VLOOKUP($L14,'2026-2027 projections'!$B:$AJ,26,FALSE) -> 0.66308044 | S14: =VLOOKUP($L14,'2026-2027 projections'!$B:$AJ,27,FALSE) -> 0.92127976 | T14: =VLOOKUP($L14,'2026-2027 projections'!$B:$AJ,28,FALSE) -> 1.2653723 | U14: =VLOOKUP($L14,'2026-2027 projections'!$B:$AJ,29,FALSE) -> 1.419362 | V14: =VLOOKUP($L14,'2026-2027 projections'!$B:$AJ,30,FALSE) -> 1.2616238 | W14: =VLOOKUP($L14,'2026-2027 projections'!$B:$AJ,31,FALSE) -> -1.3021698 | AB14: Delta | AC14: =AC13-AC12 -> #REF! | AD14: =AD13-AD12 -> #REF! | AE14: =AE13-AE12 -> #REF! | AF14: =AF13-AF12 -> #REF! | AG14: =AG13-AG12 -> #REF! | AH14: =AH13-AH12 -> #REF! | AI14: =AI13-AI12 -> #REF! | AJ14: =AJ13-AJ12 -> #REF! | AK14: =AK13-AK12 -> #REF!
B15: =VLOOKUP($A15,'2026-2027 projections'!$B:$AJ,23,FALSE) -> #N/A | C15: =VLOOKUP($A15,'2026-2027 projections'!$B:$AJ,24,FALSE) -> #N/A | D15: =VLOOKUP($A15,'2026-2027 projections'!$B:$AJ,25,FALSE) -> #N/A | E15: =VLOOKUP($A15,'2026-2027 projections'!$B:$AJ,26,FALSE) -> #N/A | F15: =VLOOKUP($A15,'2026-2027 projections'!$B:$AJ,27,FALSE) -> #N/A | G15: =VLOOKUP($A15,'2026-2027 projections'!$B:$AJ,28,FALSE) -> #N/A | H15: =VLOOKUP($A15,'2026-2027 projections'!$B:$AJ,29,FALSE) -> #N/A | I15: =VLOOKUP($A15,'2026-2027 projections'!$B:$AJ,30,FALSE) -> #N/A | J15: =VLOOKUP($A15,'2026-2027 projections'!$B:$AJ,31,FALSE) -> #N/A | M15: =VLOOKUP(L15,'2026-2027 projections'!B:C,2,FALSE) -> #N/A | N15: =VLOOKUP(L15,'2026-2027 projections'!B:D,3,FALSE) -> #N/A | O15: =VLOOKUP($L15,'2026-2027 projections'!$B:$AJ,23,FALSE) -> #N/A | P15: =VLOOKUP($L15,'2026-2027 projections'!$B:$AJ,24,FALSE) -> #N/A | Q15: =VLOOKUP($L15,'2026-2027 projections'!$B:$AJ,25,FALSE) -> #N/A | R15: =VLOOKUP($L15,'2026-2027 projections'!$B:$AJ,26,FALSE) -> #N/A | S15: =VLOOKUP($L15,'2026-2027 projections'!$B:$AJ,27,FALSE) -> #N/A | T15: =VLOOKUP($L15,'2026-2027 projections'!$B:$AJ,28,FALSE) -> #N/A | U15: =VLOOKUP($L15,'2026-2027 projections'!$B:$AJ,29,FALSE) -> #N/A | V15: =VLOOKUP($L15,'2026-2027 projections'!$B:$AJ,30,FALSE) -> #N/A | W15: =VLOOKUP($L15,'2026-2027 projections'!$B:$AJ,31,FALSE) -> #N/A | AC15: FG% | AD15: FT% | AE15: 3PM | AF15: PTS | AG15: Reb | AH15: AST | AI15: STL | AJ15: BLK | AK15: TO
B16: =VLOOKUP($A16,'2026-2027 projections'!$B:$AJ,23,FALSE) -> #N/A | C16: =VLOOKUP($A16,'2026-2027 projections'!$B:$AJ,24,FALSE) -> #N/A | D16: =VLOOKUP($A16,'2026-2027 projections'!$B:$AJ,25,FALSE) -> #N/A | E16: =VLOOKUP($A16,'2026-2027 projections'!$B:$AJ,26,FALSE) -> #N/A | F16: =VLOOKUP($A16,'2026-2027 projections'!$B:$AJ,27,FALSE) -> #N/A | G16: =VLOOKUP($A16,'2026-2027 projections'!$B:$AJ,28,FALSE) -> #N/A | H16: =VLOOKUP($A16,'2026-2027 projections'!$B:$AJ,29,FALSE) -> #N/A | I16: =VLOOKUP($A16,'2026-2027 projections'!$B:$AJ,30,FALSE) -> #N/A | J16: =VLOOKUP($A16,'2026-2027 projections'!$B:$AJ,31,FALSE) -> #N/A | L16: Damian Lillard | M16: =VLOOKUP(L16,'2026-2027 projections'!B:C,2,FALSE) -> 75 | N16: =VLOOKUP(L16,'2026-2027 projections'!B:D,3,FALSE) -> #N/A | O16: =VLOOKUP($L16,'2026-2027 projections'!$B:$AJ,23,FALSE) -> -1.0517581 | P16: =VLOOKUP($L16,'2026-2027 projections'!$B:$AJ,24,FALSE) -> 1.4790144 | Q16: =VLOOKUP($L16,'2026-2027 projections'!$B:$AJ,25,FALSE) -> 1.5075665 | R16: =VLOOKUP($L16,'2026-2027 projections'!$B:$AJ,26,FALSE) -> 0.60629341 | S16: =VLOOKUP($L16,'2026-2027 projections'!$B:$AJ,27,FALSE) -> -0.90968613 | T16: =VLOOKUP($L16,'2026-2027 projections'!$B:$AJ,28,FALSE) -> 0.69741898 | U16: =VLOOKUP($L16,'2026-2027 projections'!$B:$AJ,29,FALSE) -> -0.34169827 | V16: =VLOOKUP($L16,'2026-2027 projections'!$B:$AJ,30,FALSE) -> -1.1747546 | W16: =VLOOKUP($L16,'2026-2027 projections'!$B:$AJ,31,FALSE) -> -0.34692845 | AB16: Before | AC16: =AC6 -> #REF! | AD16: =AD6 -> n/a | AE16: =AE6 -> #REF! | AF16: =AF6 -> #REF! | AG16: =AG6 -> #REF! | AH16: =AH6 -> #REF! | AI16: =AI6 -> #REF! | AJ16: =AJ6 -> #REF! | AK16: =AK6 -> #REF!
B17: =VLOOKUP($A17,'2026-2027 projections'!$B:$AJ,23,FALSE) -> #N/A | C17: =VLOOKUP($A17,'2026-2027 projections'!$B:$AJ,24,FALSE) -> #N/A | D17: =VLOOKUP($A17,'2026-2027 projections'!$B:$AJ,25,FALSE) -> #N/A | E17: =VLOOKUP($A17,'2026-2027 projections'!$B:$AJ,26,FALSE) -> #N/A | F17: =VLOOKUP($A17,'2026-2027 projections'!$B:$AJ,27,FALSE) -> #N/A | G17: =VLOOKUP($A17,'2026-2027 projections'!$B:$AJ,28,FALSE) -> #N/A | H17: =VLOOKUP($A17,'2026-2027 projections'!$B:$AJ,29,FALSE) -> #N/A | I17: =VLOOKUP($A17,'2026-2027 projections'!$B:$AJ,30,FALSE) -> #N/A | J17: =VLOOKUP($A17,'2026-2027 projections'!$B:$AJ,31,FALSE) -> #N/A | L17: De'Aaron Fox | M17: =VLOOKUP(L17,'2026-2027 projections'!B:C,2,FALSE) -> 87 | N17: =VLOOKUP(L17,'2026-2027 projections'!B:D,3,FALSE) -> 71 | O17: =VLOOKUP($L17,'2026-2027 projections'!$B:$AJ,23,FALSE) -> 0.0022977864 | P17: =VLOOKUP($L17,'2026-2027 projections'!$B:$AJ,24,FALSE) -> -0.00056220741 | Q17: =VLOOKUP($L17,'2026-2027 projections'!$B:$AJ,25,FALSE) -> 0.034548399 | R17: =VLOOKUP($L17,'2026-2027 projections'!$B:$AJ,26,FALSE) -> 0.56843539 | S17: =VLOOKUP($L17,'2026-2027 projections'!$B:$AJ,27,FALSE) -> -0.74323469 | T17: =VLOOKUP($L17,'2026-2027 projections'!$B:$AJ,28,FALSE) -> 1.110476 | U17: =VLOOKUP($L17,'2026-2027 projections'!$B:$AJ,29,FALSE) -> 0.53883188 | V17: =VLOOKUP($L17,'2026-2027 projections'!$B:$AJ,30,FALSE) -> -0.76869155 | W17: =VLOOKUP($L17,'2026-2027 projections'!$B:$AJ,31,FALSE) -> -0.61985455 | AB17: Delta | AC17: =AC18-AC16 -> #REF! | AD17: =AD18-AD16 -> #REF! | AE17: =AE18-AE16 -> #REF! | AF17: =AF18-AF16 -> #REF! | AG17: =AG18-AG16 -> #REF! | AH17: =AH18-AH16 -> #REF! | AI17: =AI18-AI16 -> #REF! | AJ17: =AJ18-AJ16 -> #REF! | AK17: =AK18-AK16 -> #REF!
B18: =VLOOKUP($A18,'2026-2027 projections'!$B:$AJ,23,FALSE) -> #N/A | C18: =VLOOKUP($A18,'2026-2027 projections'!$B:$AJ,24,FALSE) -> #N/A | D18: =VLOOKUP($A18,'2026-2027 projections'!$B:$AJ,25,FALSE) -> #N/A | E18: =VLOOKUP($A18,'2026-2027 projections'!$B:$AJ,26,FALSE) -> #N/A | F18: =VLOOKUP($A18,'2026-2027 projections'!$B:$AJ,27,FALSE) -> #N/A | G18: =VLOOKUP($A18,'2026-2027 projections'!$B:$AJ,28,FALSE) -> #N/A | H18: =VLOOKUP($A18,'2026-2027 projections'!$B:$AJ,29,FALSE) -> #N/A | I18: =VLOOKUP($A18,'2026-2027 projections'!$B:$AJ,30,FALSE) -> #N/A | J18: =VLOOKUP($A18,'2026-2027 projections'!$B:$AJ,31,FALSE) -> #N/A | L18: Tyrese Maxey | M18: =VLOOKUP(L18,'2026-2027 projections'!B:C,2,FALSE) -> 6 | N18: =VLOOKUP(L18,'2026-2027 projections'!B:D,3,FALSE) -> 4 | O18: =VLOOKUP($L18,'2026-2027 projections'!$B:$AJ,23,FALSE) -> -0.70814713 | P18: =VLOOKUP($L18,'2026-2027 projections'!$B:$AJ,24,FALSE) -> 1.6216106 | Q18: =VLOOKUP($L18,'2026-2027 projections'!$B:$AJ,25,FALSE) -> 1.1919198 | R18: =VLOOKUP($L18,'2026-2027 projections'!$B:$AJ,26,FALSE) -> 1.571673 | S18: =VLOOKUP($L18,'2026-2027 projections'!$B:$AJ,27,FALSE) -> -0.95129899 | T18: =VLOOKUP($L18,'2026-2027 projections'!$B:$AJ,28,FALSE) -> 1.110476 | U18: =VLOOKUP($L18,'2026-2027 projections'!$B:$AJ,29,FALSE) -> 2.2998922 | V18: =VLOOKUP($L18,'2026-2027 projections'!$B:$AJ,30,FALSE) -> -0.36262847 | W18: =VLOOKUP($L18,'2026-2027 projections'!$B:$AJ,31,FALSE) -> -0.4833915 | AB18: After | AC18: =((SUM(#REF!,#REF!)/SUM(#REF!,#REF!))-#REF!)/#REF!*SQRT(SUM(#REF!,#REF!)/(COUNT(#REF!,#REF!)*#REF!)) -> #REF! | AD18: =((SUM(#REF!,AA11)/SUM(#REF!,#REF!)-#REF!)/#REF!)*SQRT(SUM(#REF!,#REF!)/(COUNT(#REF!,#REF!)*#REF!)) -> #REF! | AE18: =(AVERAGE(#REF!,AE11)-#REF!)/#REF! -> #REF! | AF18: =(AVERAGE(#REF!,AF11)-#REF!)/#REF! -> #REF! | AG18: =(AVERAGE(#REF!,AG11)-#REF!)/#REF! -> #REF! | AH18: =(AVERAGE(#REF!,AH11)-#REF!)/#REF! -> #REF! | AI18: =(AVERAGE(#REF!,AI11)-#REF!)/#REF! -> #REF! | AJ18: =(AVERAGE(#REF!,AJ11)-#REF!)/#REF! -> #REF! | AK18: =(AVERAGE(#REF!,AK11)-#REF!)/#REF!*-1 -> #REF!
B19: =VLOOKUP($A19,'2026-2027 projections'!$B:$AJ,23,FALSE) -> #N/A | C19: =VLOOKUP($A19,'2026-2027 projections'!$B:$AJ,24,FALSE) -> #N/A | D19: =VLOOKUP($A19,'2026-2027 projections'!$B:$AJ,25,FALSE) -> #N/A | E19: =VLOOKUP($A19,'2026-2027 projections'!$B:$AJ,26,FALSE) -> #N/A | F19: =VLOOKUP($A19,'2026-2027 projections'!$B:$AJ,27,FALSE) -> #N/A | G19: =VLOOKUP($A19,'2026-2027 projections'!$B:$AJ,28,FALSE) -> #N/A | H19: =VLOOKUP($A19,'2026-2027 projections'!$B:$AJ,29,FALSE) -> #N/A | I19: =VLOOKUP($A19,'2026-2027 projections'!$B:$AJ,30,FALSE) -> #N/A | J19: =VLOOKUP($A19,'2026-2027 projections'!$B:$AJ,31,FALSE) -> #N/A | L19: Jalen Williams | M19: =VLOOKUP(L19,'2026-2027 projections'!B:C,2,FALSE) -> 32 | N19: =VLOOKUP(L19,'2026-2027 projections'!B:D,3,FALSE) -> 78 | O19: =VLOOKUP($L19,'2026-2027 projections'!$B:$AJ,23,FALSE) -> 0.14220234 | P19: =VLOOKUP($L19,'2026-2027 projections'!$B:$AJ,24,FALSE) -> -0.063018339 | Q19: =VLOOKUP($L19,'2026-2027 projections'!$B:$AJ,25,FALSE) -> -0.17588276 | R19: =VLOOKUP($L19,'2026-2027 projections'!$B:$AJ,26,FALSE) -> 0.85237056 | S19: =VLOOKUP($L19,'2026-2027 projections'!$B:$AJ,27,FALSE) -> -0.20226749 | T19: =VLOOKUP($L19,'2026-2027 projections'!$B:$AJ,28,FALSE) -> 0.85231535 | U19: =VLOOKUP($L19,'2026-2027 projections'!$B:$AJ,29,FALSE) -> 1.419362 | V19: =VLOOKUP($L19,'2026-2027 projections'!$B:$AJ,30,FALSE) -> -0.15959693 | W19: =VLOOKUP($L19,'2026-2027 projections'!$B:$AJ,31,FALSE) -> -0.34692845
B20: =VLOOKUP($A20,'2026-2027 projections'!$B:$AJ,23,FALSE) -> #N/A | C20: =VLOOKUP($A20,'2026-2027 projections'!$B:$AJ,24,FALSE) -> #N/A | D20: =VLOOKUP($A20,'2026-2027 projections'!$B:$AJ,25,FALSE) -> #N/A | E20: =VLOOKUP($A20,'2026-2027 projections'!$B:$AJ,26,FALSE) -> #N/A | F20: =VLOOKUP($A20,'2026-2027 projections'!$B:$AJ,27,FALSE) -> #N/A | G20: =VLOOKUP($A20,'2026-2027 projections'!$B:$AJ,28,FALSE) -> #N/A | H20: =VLOOKUP($A20,'2026-2027 projections'!$B:$AJ,29,FALSE) -> #N/A | I20: =VLOOKUP($A20,'2026-2027 projections'!$B:$AJ,30,FALSE) -> #N/A | J20: =VLOOKUP($A20,'2026-2027 projections'!$B:$AJ,31,FALSE) -> #N/A | L20: Alperen Sengun | M20: =VLOOKUP(L20,'2026-2027 projections'!B:C,2,FALSE) -> #N/A | N20: =VLOOKUP(L20,'2026-2027 projections'!B:D,3,FALSE) -> #N/A | O20: =VLOOKUP($L20,'2026-2027 projections'!$B:$AJ,23,FALSE) -> #N/A | P20: =VLOOKUP($L20,'2026-2027 projections'!$B:$AJ,24,FALSE) -> #N/A | Q20: =VLOOKUP($L20,'2026-2027 projections'!$B:$AJ,25,FALSE) -> #N/A | R20: =VLOOKUP($L20,'2026-2027 projections'!$B:$AJ,26,FALSE) -> #N/A | S20: =VLOOKUP($L20,'2026-2027 projections'!$B:$AJ,27,FALSE) -> #N/A | T20: =VLOOKUP($L20,'2026-2027 projections'!$B:$AJ,28,FALSE) -> #N/A | U20: =VLOOKUP($L20,'2026-2027 projections'!$B:$AJ,29,FALSE) -> #N/A | V20: =VLOOKUP($L20,'2026-2027 projections'!$B:$AJ,30,FALSE) -> #N/A | W20: =VLOOKUP($L20,'2026-2027 projections'!$B:$AJ,31,FALSE) -> #N/A
L21: Lauri Markkanen | M21: =VLOOKUP(L21,'2026-2027 projections'!B:C,2,FALSE) -> 27 | N21: =VLOOKUP(L21,'2026-2027 projections'!B:D,3,FALSE) -> 17 | O21: =VLOOKUP($L21,'2026-2027 projections'!$B:$AJ,23,FALSE) -> -1.0891201 | P21: =VLOOKUP($L21,'2026-2027 projections'!$B:$AJ,24,FALSE) -> 1.4165582 | Q21: =VLOOKUP($L21,'2026-2027 projections'!$B:$AJ,25,FALSE) -> 1.4023509 | R21: =VLOOKUP($L21,'2026-2027 projections'!$B:$AJ,26,FALSE) -> 1.4959569 | S21: =VLOOKUP($L21,'2026-2027 projections'!$B:$AJ,27,FALSE) -> 0.42192543 | T21: =VLOOKUP($L21,'2026-2027 projections'!$B:$AJ,28,FALSE) -> -0.90317685 | U21: =VLOOKUP($L21,'2026-2027 projections'!$B:$AJ,29,FALSE) -> -0.34169827 | V21: =VLOOKUP($L21,'2026-2027 projections'!$B:$AJ,30,FALSE) -> -0.36262847 | W21: =VLOOKUP($L21,'2026-2027 projections'!$B:$AJ,31,FALSE) -> 0.47184985
L22: Fred Vanvleet | M22: =VLOOKUP(L22,'2026-2027 projections'!B:C,2,FALSE) -> 102 | N22: =VLOOKUP(L22,'2026-2027 projections'!B:D,3,FALSE) -> #N/A | O22: =VLOOKUP($L22,'2026-2027 projections'!$B:$AJ,23,FALSE) -> -2 | P22: =VLOOKUP($L22,'2026-2027 projections'!$B:$AJ,24,FALSE) -> 0.38301657 | Q22: =VLOOKUP($L22,'2026-2027 projections'!$B:$AJ,25,FALSE) -> 0.77105745 | R22: =VLOOKUP($L22,'2026-2027 projections'!$B:$AJ,26,FALSE) -> -0.62409233 | S22: =VLOOKUP($L22,'2026-2027 projections'!$B:$AJ,27,FALSE) -> -0.99291185 | T22: =VLOOKUP($L22,'2026-2027 projections'!$B:$AJ,28,FALSE) -> 0.69741898 | U22: =VLOOKUP($L22,'2026-2027 projections'!$B:$AJ,29,FALSE) -> 1.125852 | V22: =VLOOKUP($L22,'2026-2027 projections'!$B:$AJ,30,FALSE) -> -0.56566001 | W22: =VLOOKUP($L22,'2026-2027 projections'!$B:$AJ,31,FALSE) -> 0.74477594
B23: FG% | C23: FT% | D23: 3PM | E23: PTS | F23: TREB | G23: AST | H23: STL | I23: BLK | J23: TO | L23: Ja Morant | M23: =VLOOKUP(L23,'2026-2027 projections'!B:C,2,FALSE) -> 139 | N23: =VLOOKUP(L23,'2026-2027 projections'!B:D,3,FALSE) -> 69 | O23: =VLOOKUP($L23,'2026-2027 projections'!$B:$AJ,23,FALSE) -> -0.55002113 | P23: =VLOOKUP($L23,'2026-2027 projections'!$B:$AJ,24,FALSE) -> 0.79255911 | Q23: =VLOOKUP($L23,'2026-2027 projections'!$B:$AJ,25,FALSE) -> -0.28109834 | R23: =VLOOKUP($L23,'2026-2027 projections'!$B:$AJ,26,FALSE) -> 0.68200945 | S23: =VLOOKUP($L23,'2026-2027 projections'!$B:$AJ,27,FALSE) -> -0.95129899 | T23: =VLOOKUP($L23,'2026-2027 projections'!$B:$AJ,28,FALSE) -> 1.523533 | U23: =VLOOKUP($L23,'2026-2027 projections'!$B:$AJ,29,FALSE) -> -0.048188217 | V23: =VLOOKUP($L23,'2026-2027 projections'!$B:$AJ,30,FALSE) -> -0.97172309 | W23: =VLOOKUP($L23,'2026-2027 projections'!$B:$AJ,31,FALSE) -> -1.848022
B24: =AVERAGEIF(B1:B15, "<>#N/A") -> 1.3737546 | C24: =AVERAGEIF(C1:C15, "<>#N/A") -> 0.64112088 | D24: =AVERAGEIF(D1:D15, "<>#N/A") -> 0.66584187 | E24: =AVERAGEIF(E1:E15, "<>#N/A") -> 1.3161313 | F24: =AVERAGEIF(F1:F15, "<>#N/A") -> 0.96289263 | G24: =AVERAGEIF(G1:G15, "<>#N/A") -> 3.2790252 | H24: =AVERAGEIF(H1:H15, "<>#N/A") -> 1.272607 | I24: =AVERAGEIF(I1:I15, "<>#N/A") -> -0.058081162 | J24: =AVERAGEIF(J1:J15, "<>#N/A") -> -0.90053813 | L24: Cade Cunningham | M24: =VLOOKUP(L24,'2026-2027 projections'!B:C,2,FALSE) -> 10 | N24: =VLOOKUP(L24,'2026-2027 projections'!B:D,3,FALSE) -> 13 | O24: =VLOOKUP($L24,'2026-2027 projections'!$B:$AJ,23,FALSE) -> -0.56824258 | P24: =VLOOKUP($L24,'2026-2027 projections'!$B:$AJ,24,FALSE) -> 0.51620862 | Q24: =VLOOKUP($L24,'2026-2027 projections'!$B:$AJ,25,FALSE) -> 0.35019514 | R24: =VLOOKUP($L24,'2026-2027 projections'!$B:$AJ,26,FALSE) -> 1.7231051 | S24: =VLOOKUP($L24,'2026-2027 projections'!$B:$AJ,27,FALSE) -> 0.047409678 | T24: =VLOOKUP($L24,'2026-2027 projections'!$B:$AJ,28,FALSE) -> 3.1757609 | U24: =VLOOKUP($L24,'2026-2027 projections'!$B:$AJ,29,FALSE) -> 0.83234193 | V24: =VLOOKUP($L24,'2026-2027 projections'!$B:$AJ,30,FALSE) -> 0.24646615 | W24: =VLOOKUP($L24,'2026-2027 projections'!$B:$AJ,31,FALSE) -> -2
J25: =AVERAGE(B24:J24) -> 0.95030602 | M25: =VLOOKUP(L25,'2026-2027 projections'!B:C,2,FALSE) -> #N/A | N25: =VLOOKUP(L25,'2026-2027 projections'!B:D,3,FALSE) -> #N/A | O25: =VLOOKUP($L25,'2026-2027 projections'!$B:$AJ,23,FALSE) -> #N/A | P25: =VLOOKUP($L25,'2026-2027 projections'!$B:$AJ,24,FALSE) -> #N/A | Q25: =VLOOKUP($L25,'2026-2027 projections'!$B:$AJ,25,FALSE) -> #N/A | R25: =VLOOKUP($L25,'2026-2027 projections'!$B:$AJ,26,FALSE) -> #N/A | S25: =VLOOKUP($L25,'2026-2027 projections'!$B:$AJ,27,FALSE) -> #N/A | T25: =VLOOKUP($L25,'2026-2027 projections'!$B:$AJ,28,FALSE) -> #N/A | U25: =VLOOKUP($L25,'2026-2027 projections'!$B:$AJ,29,FALSE) -> #N/A | V25: =VLOOKUP($L25,'2026-2027 projections'!$B:$AJ,30,FALSE) -> #N/A | W25: =VLOOKUP($L25,'2026-2027 projections'!$B:$AJ,31,FALSE) -> #N/A
M26: =VLOOKUP(L26,'2026-2027 projections'!B:C,2,FALSE) -> #N/A | N26: =VLOOKUP(L26,'2026-2027 projections'!B:D,3,FALSE) -> #N/A | O26: =VLOOKUP($L26,'2026-2027 projections'!$B:$AJ,23,FALSE) -> #N/A | P26: =VLOOKUP($L26,'2026-2027 projections'!$B:$AJ,24,FALSE) -> #N/A | Q26: =VLOOKUP($L26,'2026-2027 projections'!$B:$AJ,25,FALSE) -> #N/A | R26: =VLOOKUP($L26,'2026-2027 projections'!$B:$AJ,26,FALSE) -> #N/A | S26: =VLOOKUP($L26,'2026-2027 projections'!$B:$AJ,27,FALSE) -> #N/A | T26: =VLOOKUP($L26,'2026-2027 projections'!$B:$AJ,28,FALSE) -> #N/A | U26: =VLOOKUP($L26,'2026-2027 projections'!$B:$AJ,29,FALSE) -> #N/A | V26: =VLOOKUP($L26,'2026-2027 projections'!$B:$AJ,30,FALSE) -> #N/A | W26: =VLOOKUP($L26,'2026-2027 projections'!$B:$AJ,31,FALSE) -> #N/A
M27: =VLOOKUP(L27,'2026-2027 projections'!B:C,2,FALSE) -> #N/A | N27: =VLOOKUP(L27,'2026-2027 projections'!B:D,3,FALSE) -> #N/A | O27: =VLOOKUP($L27,'2026-2027 projections'!$B:$AJ,23,FALSE) -> #N/A | P27: =VLOOKUP($L27,'2026-2027 projections'!$B:$AJ,24,FALSE) -> #N/A | Q27: =VLOOKUP($L27,'2026-2027 projections'!$B:$AJ,25,FALSE) -> #N/A | R27: =VLOOKUP($L27,'2026-2027 projections'!$B:$AJ,26,FALSE) -> #N/A | S27: =VLOOKUP($L27,'2026-2027 projections'!$B:$AJ,27,FALSE) -> #N/A | T27: =VLOOKUP($L27,'2026-2027 projections'!$B:$AJ,28,FALSE) -> #N/A | U27: =VLOOKUP($L27,'2026-2027 projections'!$B:$AJ,29,FALSE) -> #N/A | V27: =VLOOKUP($L27,'2026-2027 projections'!$B:$AJ,30,FALSE) -> #N/A | W27: =VLOOKUP($L27,'2026-2027 projections'!$B:$AJ,31,FALSE) -> #N/A
M28: =VLOOKUP(L28,'2026-2027 projections'!B:C,2,FALSE) -> #N/A | N28: =VLOOKUP(L28,'2026-2027 projections'!B:D,3,FALSE) -> #N/A | O28: =VLOOKUP($L28,'2026-2027 projections'!$B:$AJ,23,FALSE) -> #N/A | P28: =VLOOKUP($L28,'2026-2027 projections'!$B:$AJ,24,FALSE) -> #N/A | Q28: =VLOOKUP($L28,'2026-2027 projections'!$B:$AJ,25,FALSE) -> #N/A | R28: =VLOOKUP($L28,'2026-2027 projections'!$B:$AJ,26,FALSE) -> #N/A | S28: =VLOOKUP($L28,'2026-2027 projections'!$B:$AJ,27,FALSE) -> #N/A | T28: =VLOOKUP($L28,'2026-2027 projections'!$B:$AJ,28,FALSE) -> #N/A | U28: =VLOOKUP($L28,'2026-2027 projections'!$B:$AJ,29,FALSE) -> #N/A | V28: =VLOOKUP($L28,'2026-2027 projections'!$B:$AJ,30,FALSE) -> #N/A | W28: =VLOOKUP($L28,'2026-2027 projections'!$B:$AJ,31,FALSE) -> #N/A
A30: Player | B30: FG% | C30: FT% | D30: 3PM | E30: PTS | F30: TREB | G30: AST | H30: STL | I30: BLK | J30: TO
A31: =A$2 -> Nikola Jokic | B31: =VLOOKUP($A31,'2026-2027 projections'!$B:$AJ,23,FALSE) -> 3.0692222 | C31: =VLOOKUP($A31,'2026-2027 projections'!$B:$AJ,24,FALSE) -> 0.67648884 | D31: =VLOOKUP($A31,'2026-2027 projections'!$B:$AJ,25,FALSE) -> 0.13976398 | E31: =VLOOKUP($A31,'2026-2027 projections'!$B:$AJ,26,FALSE) -> 2.3666915 | F31: =VLOOKUP($A31,'2026-2027 projections'!$B:$AJ,27,FALSE) -> 2.9186971 | G31: =VLOOKUP($A31,'2026-2027 projections'!$B:$AJ,28,FALSE) -> 3.4855537 | H31: =VLOOKUP($A31,'2026-2027 projections'!$B:$AJ,29,FALSE) -> 1.7128721 | I31: =VLOOKUP($A31,'2026-2027 projections'!$B:$AJ,30,FALSE) -> 0.043434608 | J31: =VLOOKUP($A31,'2026-2027 projections'!$B:$AJ,31,FALSE) -> -2 | L31: Rd 5-6 | M31: Fair Value | N31: LY Rank | O31: FG% | P31: FT% | Q31: 3PM | R31: PTS | S31: TREB | T31: AST | U31: STL | V31: BLK | W31: TO
A32: =A$3 -> Tyrese Haliburton | B32: =VLOOKUP($A32,'2026-2027 projections'!$B:$AJ,23,FALSE) -> -0.32171307 | C32: =VLOOKUP($A32,'2026-2027 projections'!$B:$AJ,24,FALSE) -> 0.60575292 | D32: =VLOOKUP($A32,'2026-2027 projections'!$B:$AJ,25,FALSE) -> 1.1919198 | E32: =VLOOKUP($A32,'2026-2027 projections'!$B:$AJ,26,FALSE) -> 0.2655712 | F32: =VLOOKUP($A32,'2026-2027 projections'!$B:$AJ,27,FALSE) -> -0.99291185 | G32: =VLOOKUP($A32,'2026-2027 projections'!$B:$AJ,28,FALSE) -> 3.0724967 | H32: =VLOOKUP($A32,'2026-2027 projections'!$B:$AJ,29,FALSE) -> 0.83234193 | I32: =VLOOKUP($A32,'2026-2027 projections'!$B:$AJ,30,FALSE) -> -0.15959693 | J32: =VLOOKUP($A32,'2026-2027 projections'!$B:$AJ,31,FALSE) -> 0.19892375 | L32: Desmond Bane | M32: =VLOOKUP(L32,'2026-2027 projections'!B:C,2,FALSE) -> 35 | N32: =VLOOKUP(L32,'2026-2027 projections'!B:D,3,FALSE) -> 37 | O32: =VLOOKUP($L32,'2026-2027 projections'!$B:$AJ,23,FALSE) -> 0.0022977864 | P32: =VLOOKUP($L32,'2026-2027 projections'!$B:$AJ,24,FALSE) -> 1.4524884 | Q32: =VLOOKUP($L32,'2026-2027 projections'!$B:$AJ,25,FALSE) -> 0.56062629 | R32: =VLOOKUP($L32,'2026-2027 projections'!$B:$AJ,26,FALSE) -> 0.66308044 | S32: =VLOOKUP($L32,'2026-2027 projections'!$B:$AJ,27,FALSE) -> -0.32710607 | T32: =VLOOKUP($L32,'2026-2027 projections'!$B:$AJ,28,FALSE) -> 0.49089049 | U32: =VLOOKUP($L32,'2026-2027 projections'!$B:$AJ,29,FALSE) -> 0.24532183 | V32: =VLOOKUP($L32,'2026-2027 projections'!$B:$AJ,30,FALSE) -> -0.56566001 | W32: =VLOOKUP($L32,'2026-2027 projections'!$B:$AJ,31,FALSE) -> -0.4833915
A33: =A4 -> 0 | B33: =VLOOKUP($A33,'2026-2027 projections'!$B:$AJ,23,FALSE) -> #N/A | C33: =VLOOKUP($A33,'2026-2027 projections'!$B:$AJ,24,FALSE) -> #N/A | D33: =VLOOKUP($A33,'2026-2027 projections'!$B:$AJ,25,FALSE) -> #N/A | E33: =VLOOKUP($A33,'2026-2027 projections'!$B:$AJ,26,FALSE) -> #N/A | F33: =VLOOKUP($A33,'2026-2027 projections'!$B:$AJ,27,FALSE) -> #N/A | G33: =VLOOKUP($A33,'2026-2027 projections'!$B:$AJ,28,FALSE) -> #N/A | H33: =VLOOKUP($A33,'2026-2027 projections'!$B:$AJ,29,FALSE) -> #N/A | I33: =VLOOKUP($A33,'2026-2027 projections'!$B:$AJ,30,FALSE) -> #N/A | J33: =VLOOKUP($A33,'2026-2027 projections'!$B:$AJ,31,FALSE) -> #N/A | L33: Jimmy Butler | M33: =VLOOKUP(L33,'2026-2027 projections'!B:C,2,FALSE) -> #N/A | N33: =VLOOKUP(L33,'2026-2027 projections'!B:D,3,FALSE) -> #N/A | O33: =VLOOKUP($L33,'2026-2027 projections'!$B:$AJ,23,FALSE) -> #N/A | P33: =VLOOKUP($L33,'2026-2027 projections'!$B:$AJ,24,FALSE) -> #N/A | Q33: =VLOOKUP($L33,'2026-2027 projections'!$B:$AJ,25,FALSE) -> #N/A | R33: =VLOOKUP($L33,'2026-2027 projections'!$B:$AJ,26,FALSE) -> #N/A | S33: =VLOOKUP($L33,'2026-2027 projections'!$B:$AJ,27,FALSE) -> #N/A | T33: =VLOOKUP($L33,'2026-2027 projections'!$B:$AJ,28,FALSE) -> #N/A | U33: =VLOOKUP($L33,'2026-2027 projections'!$B:$AJ,29,FALSE) -> #N/A | V33: =VLOOKUP($L33,'2026-2027 projections'!$B:$AJ,30,FALSE) -> #N/A | W33: =VLOOKUP($L33,'2026-2027 projections'!$B:$AJ,31,FALSE) -> #N/A
A34: =A5 -> 0 | B34: =VLOOKUP($A34,'2026-2027 projections'!$B:$AJ,23,FALSE) -> #N/A | C34: =VLOOKUP($A34,'2026-2027 projections'!$B:$AJ,24,FALSE) -> #N/A | D34: =VLOOKUP($A34,'2026-2027 projections'!$B:$AJ,25,FALSE) -> #N/A | E34: =VLOOKUP($A34,'2026-2027 projections'!$B:$AJ,26,FALSE) -> #N/A | F34: =VLOOKUP($A34,'2026-2027 projections'!$B:$AJ,27,FALSE) -> #N/A | G34: =VLOOKUP($A34,'2026-2027 projections'!$B:$AJ,28,FALSE) -> #N/A | H34: =VLOOKUP($A34,'2026-2027 projections'!$B:$AJ,29,FALSE) -> #N/A | I34: =VLOOKUP($A34,'2026-2027 projections'!$B:$AJ,30,FALSE) -> #N/A | J34: =VLOOKUP($A34,'2026-2027 projections'!$B:$AJ,31,FALSE) -> #N/A | L34: Jaylen Brown | M34: =VLOOKUP(L34,'2026-2027 projections'!B:C,2,FALSE) -> 95 | N34: =VLOOKUP(L34,'2026-2027 projections'!B:D,3,FALSE) -> 33 | O34: =VLOOKUP($L34,'2026-2027 projections'!$B:$AJ,23,FALSE) -> 0.17410328 | P34: =VLOOKUP($L34,'2026-2027 projections'!$B:$AJ,24,FALSE) -> -0.52673723 | Q34: =VLOOKUP($L34,'2026-2027 projections'!$B:$AJ,25,FALSE) -> 0.034548399 | R34: =VLOOKUP($L34,'2026-2027 projections'!$B:$AJ,26,FALSE) -> 1.2688088 | S34: =VLOOKUP($L34,'2026-2027 projections'!$B:$AJ,27,FALSE) -> 0.0057968165 | T34: =VLOOKUP($L34,'2026-2027 projections'!$B:$AJ,28,FALSE) -> -0.12869499 | U34: =VLOOKUP($L34,'2026-2027 projections'!$B:$AJ,29,FALSE) -> 0.24532183 | V34: =VLOOKUP($L34,'2026-2027 projections'!$B:$AJ,30,FALSE) -> -0.36262847 | W34: =VLOOKUP($L34,'2026-2027 projections'!$B:$AJ,31,FALSE) -> -0.89278064
A35: =A6 -> 0 | B35: =VLOOKUP($A35,'2026-2027 projections'!$B:$AJ,23,FALSE) -> #N/A | C35: =VLOOKUP($A35,'2026-2027 projections'!$B:$AJ,24,FALSE) -> #N/A | D35: =VLOOKUP($A35,'2026-2027 projections'!$B:$AJ,25,FALSE) -> #N/A | E35: =VLOOKUP($A35,'2026-2027 projections'!$B:$AJ,26,FALSE) -> #N/A | F35: =VLOOKUP($A35,'2026-2027 projections'!$B:$AJ,27,FALSE) -> #N/A | G35: =VLOOKUP($A35,'2026-2027 projections'!$B:$AJ,28,FALSE) -> #N/A | H35: =VLOOKUP($A35,'2026-2027 projections'!$B:$AJ,29,FALSE) -> #N/A | I35: =VLOOKUP($A35,'2026-2027 projections'!$B:$AJ,30,FALSE) -> #N/A | J35: =VLOOKUP($A35,'2026-2027 projections'!$B:$AJ,31,FALSE) -> #N/A | L35: Myles Turner | M35: =VLOOKUP(L35,'2026-2027 projections'!B:C,2,FALSE) -> 88 | N35: =VLOOKUP(L35,'2026-2027 projections'!B:D,3,FALSE) -> 109 | O35: =VLOOKUP($L35,'2026-2027 projections'!$B:$AJ,23,FALSE) -> -0.32855282 | P35: =VLOOKUP($L35,'2026-2027 projections'!$B:$AJ,24,FALSE) -> -0.43719292 | Q35: =VLOOKUP($L35,'2026-2027 projections'!$B:$AJ,25,FALSE) -> 0.45541071 | R35: =VLOOKUP($L35,'2026-2027 projections'!$B:$AJ,26,FALSE) -> -0.49158925 | S35: =VLOOKUP($L35,'2026-2027 projections'!$B:$AJ,27,FALSE) -> 0.047409678 | T35: =VLOOKUP($L35,'2026-2027 projections'!$B:$AJ,28,FALSE) -> -1.1097053 | U35: =VLOOKUP($L35,'2026-2027 projections'!$B:$AJ,29,FALSE) -> -0.92871837 | V35: =VLOOKUP($L35,'2026-2027 projections'!$B:$AJ,30,FALSE) -> 2.2767815 | W35: =VLOOKUP($L35,'2026-2027 projections'!$B:$AJ,31,FALSE) -> 0.60831289
A36: =A7 -> 0 | B36: =VLOOKUP($A36,'2026-2027 projections'!$B:$AJ,23,FALSE) -> #N/A | C36: =VLOOKUP($A36,'2026-2027 projections'!$B:$AJ,24,FALSE) -> #N/A | D36: =VLOOKUP($A36,'2026-2027 projections'!$B:$AJ,25,FALSE) -> #N/A | E36: =VLOOKUP($A36,'2026-2027 projections'!$B:$AJ,26,FALSE) -> #N/A | F36: =VLOOKUP($A36,'2026-2027 projections'!$B:$AJ,27,FALSE) -> #N/A | G36: =VLOOKUP($A36,'2026-2027 projections'!$B:$AJ,28,FALSE) -> #N/A | H36: =VLOOKUP($A36,'2026-2027 projections'!$B:$AJ,29,FALSE) -> #N/A | I36: =VLOOKUP($A36,'2026-2027 projections'!$B:$AJ,30,FALSE) -> #N/A | J36: =VLOOKUP($A36,'2026-2027 projections'!$B:$AJ,31,FALSE) -> #N/A | L36: Derrick White | M36: =VLOOKUP(L36,'2026-2027 projections'!B:C,2,FALSE) -> 29 | N36: =VLOOKUP(L36,'2026-2027 projections'!B:D,3,FALSE) -> 36 | O36: =VLOOKUP($L36,'2026-2027 projections'!$B:$AJ,23,FALSE) -> -1.5913167 | P36: =VLOOKUP($L36,'2026-2027 projections'!$B:$AJ,24,FALSE) -> 0.66820906 | Q36: =VLOOKUP($L36,'2026-2027 projections'!$B:$AJ,25,FALSE) -> 1.5075665 | R36: =VLOOKUP($L36,'2026-2027 projections'!$B:$AJ,26,FALSE) -> 0.11413911 | S36: =VLOOKUP($L36,'2026-2027 projections'!$B:$AJ,27,FALSE) -> -0.49355752 | T36: =VLOOKUP($L36,'2026-2027 projections'!$B:$AJ,28,FALSE) -> 0.74905111 | U36: =VLOOKUP($L36,'2026-2027 projections'!$B:$AJ,29,FALSE) -> 0.24532183 | V36: =VLOOKUP($L36,'2026-2027 projections'!$B:$AJ,30,FALSE) -> 1.0585923 | W36: =VLOOKUP($L36,'2026-2027 projections'!$B:$AJ,31,FALSE) -> 0.19892375
A37: =A8 -> 0 | B37: =VLOOKUP($A37,'2026-2027 projections'!$B:$AJ,23,FALSE) -> #N/A | C37: =VLOOKUP($A37,'2026-2027 projections'!$B:$AJ,24,FALSE) -> #N/A | D37: =VLOOKUP($A37,'2026-2027 projections'!$B:$AJ,25,FALSE) -> #N/A | E37: =VLOOKUP($A37,'2026-2027 projections'!$B:$AJ,26,FALSE) -> #N/A | F37: =VLOOKUP($A37,'2026-2027 projections'!$B:$AJ,27,FALSE) -> #N/A | G37: =VLOOKUP($A37,'2026-2027 projections'!$B:$AJ,28,FALSE) -> #N/A | H37: =VLOOKUP($A37,'2026-2027 projections'!$B:$AJ,29,FALSE) -> #N/A | I37: =VLOOKUP($A37,'2026-2027 projections'!$B:$AJ,30,FALSE) -> #N/A | J37: =VLOOKUP($A37,'2026-2027 projections'!$B:$AJ,31,FALSE) -> #N/A | L37: Pascal Siakam | M37: =VLOOKUP(L37,'2026-2027 projections'!B:C,2,FALSE) -> 47 | N37: =VLOOKUP(L37,'2026-2027 projections'!B:D,3,FALSE) -> 98 | O37: =VLOOKUP($L37,'2026-2027 projections'!$B:$AJ,23,FALSE) -> 0.65669969 | P37: =VLOOKUP($L37,'2026-2027 projections'!$B:$AJ,24,FALSE) -> -1.2308764 | Q37: =VLOOKUP($L37,'2026-2027 projections'!$B:$AJ,25,FALSE) -> 0.13976398 | R37: =VLOOKUP($L37,'2026-2027 projections'!$B:$AJ,26,FALSE) -> 1.3823829 | S37: =VLOOKUP($L37,'2026-2027 projections'!$B:$AJ,27,FALSE) -> 0.62998974 | T37: =VLOOKUP($L37,'2026-2027 projections'!$B:$AJ,28,FALSE) -> 0.0778335 | U37: =VLOOKUP($L37,'2026-2027 projections'!$B:$AJ,29,FALSE) -> 0.24532183 | V37: =VLOOKUP($L37,'2026-2027 projections'!$B:$AJ,30,FALSE) -> -0.36262847 | W37: =VLOOKUP($L37,'2026-2027 projections'!$B:$AJ,31,FALSE) -> -0.07400235
B38: =VLOOKUP($A38,'2026-2027 projections'!$B:$AJ,23,FALSE) -> #N/A | C38: =VLOOKUP($A38,'2026-2027 projections'!$B:$AJ,24,FALSE) -> #N/A | D38: =VLOOKUP($A38,'2026-2027 projections'!$B:$AJ,25,FALSE) -> #N/A | E38: =VLOOKUP($A38,'2026-2027 projections'!$B:$AJ,26,FALSE) -> #N/A | F38: =VLOOKUP($A38,'2026-2027 projections'!$B:$AJ,27,FALSE) -> #N/A | G38: =VLOOKUP($A38,'2026-2027 projections'!$B:$AJ,28,FALSE) -> #N/A | H38: =VLOOKUP($A38,'2026-2027 projections'!$B:$AJ,29,FALSE) -> #N/A | I38: =VLOOKUP($A38,'2026-2027 projections'!$B:$AJ,30,FALSE) -> #N/A | J38: =VLOOKUP($A38,'2026-2027 projections'!$B:$AJ,31,FALSE) -> #N/A | L38: Rudy Gobert | M38: =VLOOKUP(L38,'2026-2027 projections'!B:C,2,FALSE) -> 69 | N38: =VLOOKUP(L38,'2026-2027 projections'!B:D,3,FALSE) -> 59 | O38: =VLOOKUP($L38,'2026-2027 projections'!$B:$AJ,23,FALSE) -> 2.3309588 | P38: =VLOOKUP($L38,'2026-2027 projections'!$B:$AJ,24,FALSE) -> -2 | Q38: =VLOOKUP($L38,'2026-2027 projections'!$B:$AJ,25,FALSE) -> -1.7541164 | R38: =VLOOKUP($L38,'2026-2027 projections'!$B:$AJ,26,FALSE) -> -0.87016948 | S38: =VLOOKUP($L38,'2026-2027 projections'!$B:$AJ,27,FALSE) -> 2.2528913 | T38: =VLOOKUP($L38,'2026-2027 projections'!$B:$AJ,28,FALSE) -> -1.0064411 | U38: =VLOOKUP($L38,'2026-2027 projections'!$B:$AJ,29,FALSE) -> -0.63520832 | V38: =VLOOKUP($L38,'2026-2027 projections'!$B:$AJ,30,FALSE) -> 1.6676869 | W38: =VLOOKUP($L38,'2026-2027 projections'!$B:$AJ,31,FALSE) -> 0.74477594
A39: =A10 -> 0 | B39: =VLOOKUP($A39,'2026-2027 projections'!$B:$AJ,23,FALSE) -> #N/A | C39: =VLOOKUP($A39,'2026-2027 projections'!$B:$AJ,24,FALSE) -> #N/A | D39: =VLOOKUP($A39,'2026-2027 projections'!$B:$AJ,25,FALSE) -> #N/A | E39: =VLOOKUP($A39,'2026-2027 projections'!$B:$AJ,26,FALSE) -> #N/A | F39: =VLOOKUP($A39,'2026-2027 projections'!$B:$AJ,27,FALSE) -> #N/A | G39: =VLOOKUP($A39,'2026-2027 projections'!$B:$AJ,28,FALSE) -> #N/A | H39: =VLOOKUP($A39,'2026-2027 projections'!$B:$AJ,29,FALSE) -> #N/A | I39: =VLOOKUP($A39,'2026-2027 projections'!$B:$AJ,30,FALSE) -> #N/A | J39: =VLOOKUP($A39,'2026-2027 projections'!$B:$AJ,31,FALSE) -> #N/A | L39: Demar Derozan | M39: =VLOOKUP(L39,'2026-2027 projections'!B:C,2,FALSE) -> 123 | N39: =VLOOKUP(L39,'2026-2027 projections'!B:D,3,FALSE) -> 80 | O39: =VLOOKUP($L39,'2026-2027 projections'!$B:$AJ,23,FALSE) -> 0.27480759 | P39: =VLOOKUP($L39,'2026-2027 projections'!$B:$AJ,24,FALSE) -> 1.0512256 | Q39: =VLOOKUP($L39,'2026-2027 projections'!$B:$AJ,25,FALSE) -> -0.80717623 | R39: =VLOOKUP($L39,'2026-2027 projections'!$B:$AJ,26,FALSE) -> 0.057352079 | S39: =VLOOKUP($L39,'2026-2027 projections'!$B:$AJ,27,FALSE) -> -1.242589 | T39: =VLOOKUP($L39,'2026-2027 projections'!$B:$AJ,28,FALSE) -> -0.69664835 | U39: =VLOOKUP($L39,'2026-2027 projections'!$B:$AJ,29,FALSE) -> -0.34169827 | V39: =VLOOKUP($L39,'2026-2027 projections'!$B:$AJ,30,FALSE) -> -0.56566001 | W39: =VLOOKUP($L39,'2026-2027 projections'!$B:$AJ,31,FALSE) -> 1.1541651
A40: =A11 -> 0 | B40: =VLOOKUP($A40,'2026-2027 projections'!$B:$AJ,23,FALSE) -> #N/A | C40: =VLOOKUP($A40,'2026-2027 projections'!$B:$AJ,24,FALSE) -> #N/A | D40: =VLOOKUP($A40,'2026-2027 projections'!$B:$AJ,25,FALSE) -> #N/A | E40: =VLOOKUP($A40,'2026-2027 projections'!$B:$AJ,26,FALSE) -> #N/A | F40: =VLOOKUP($A40,'2026-2027 projections'!$B:$AJ,27,FALSE) -> #N/A | G40: =VLOOKUP($A40,'2026-2027 projections'!$B:$AJ,28,FALSE) -> #N/A | H40: =VLOOKUP($A40,'2026-2027 projections'!$B:$AJ,29,FALSE) -> #N/A | I40: =VLOOKUP($A40,'2026-2027 projections'!$B:$AJ,30,FALSE) -> #N/A | J40: =VLOOKUP($A40,'2026-2027 projections'!$B:$AJ,31,FALSE) -> #N/A | L40: Nikola Vucevic | M40: =VLOOKUP(L40,'2026-2027 projections'!B:C,2,FALSE) -> 168 | N40: =VLOOKUP(L40,'2026-2027 projections'!B:D,3,FALSE) -> 75 | O40: =VLOOKUP($L40,'2026-2027 projections'!$B:$AJ,23,FALSE) -> 0.19824535 | P40: =VLOOKUP($L40,'2026-2027 projections'!$B:$AJ,24,FALSE) -> 0.16028022 | Q40: =VLOOKUP($L40,'2026-2027 projections'!$B:$AJ,25,FALSE) -> -0.59674507 | R40: =VLOOKUP($L40,'2026-2027 projections'!$B:$AJ,26,FALSE) -> -0.92695651 | S40: =VLOOKUP($L40,'2026-2027 projections'!$B:$AJ,27,FALSE) -> 0.25547398 | T40: =VLOOKUP($L40,'2026-2027 projections'!$B:$AJ,28,FALSE) -> -0.69664835 | U40: =VLOOKUP($L40,'2026-2027 projections'!$B:$AJ,29,FALSE) -> -1.5157385 | V40: =VLOOKUP($L40,'2026-2027 projections'!$B:$AJ,30,FALSE) -> -0.36262847 | W40: =VLOOKUP($L40,'2026-2027 projections'!$B:$AJ,31,FALSE) -> 1.1541651
A41: =A12 -> 0 | B41: =VLOOKUP($A41,'2026-2027 projections'!$B:$AJ,23,FALSE) -> #N/A | C41: =VLOOKUP($A41,'2026-2027 projections'!$B:$AJ,24,FALSE) -> #N/A | D41: =VLOOKUP($A41,'2026-2027 projections'!$B:$AJ,25,FALSE) -> #N/A | E41: =VLOOKUP($A41,'2026-2027 projections'!$B:$AJ,26,FALSE) -> #N/A | F41: =VLOOKUP($A41,'2026-2027 projections'!$B:$AJ,27,FALSE) -> #N/A | G41: =VLOOKUP($A41,'2026-2027 projections'!$B:$AJ,28,FALSE) -> #N/A | H41: =VLOOKUP($A41,'2026-2027 projections'!$B:$AJ,29,FALSE) -> #N/A | I41: =VLOOKUP($A41,'2026-2027 projections'!$B:$AJ,30,FALSE) -> #N/A | J41: =VLOOKUP($A41,'2026-2027 projections'!$B:$AJ,31,FALSE) -> #N/A | L41: Jalen Duren | M41: =VLOOKUP(L41,'2026-2027 projections'!B:C,2,FALSE) -> 31 | N41: =VLOOKUP(L41,'2026-2027 projections'!B:D,3,FALSE) -> 40 | O41: =VLOOKUP($L41,'2026-2027 projections'!$B:$AJ,23,FALSE) -> 3.1949877 | P41: =VLOOKUP($L41,'2026-2027 projections'!$B:$AJ,24,FALSE) -> -0.81192971 | Q41: =VLOOKUP($L41,'2026-2027 projections'!$B:$AJ,25,FALSE) -> -1.7541164 | R41: =VLOOKUP($L41,'2026-2027 projections'!$B:$AJ,26,FALSE) -> 0.34128725 | S41: =VLOOKUP($L41,'2026-2027 projections'!$B:$AJ,27,FALSE) -> 2.2528913 | T41: =VLOOKUP($L41,'2026-2027 projections'!$B:$AJ,28,FALSE) -> -0.59338411 | U41: =VLOOKUP($L41,'2026-2027 projections'!$B:$AJ,29,FALSE) -> -0.63520832 | V41: =VLOOKUP($L41,'2026-2027 projections'!$B:$AJ,30,FALSE) -> 0.44949769 | W41: =VLOOKUP($L41,'2026-2027 projections'!$B:$AJ,31,FALSE) -> -0.07400235
A42: =A13 -> 0 | B42: =VLOOKUP($A42,'2026-2027 projections'!$B:$AJ,23,FALSE) -> #N/A | C42: =VLOOKUP($A42,'2026-2027 projections'!$B:$AJ,24,FALSE) -> #N/A | D42: =VLOOKUP($A42,'2026-2027 projections'!$B:$AJ,25,FALSE) -> #N/A | E42: =VLOOKUP($A42,'2026-2027 projections'!$B:$AJ,26,FALSE) -> #N/A | F42: =VLOOKUP($A42,'2026-2027 projections'!$B:$AJ,27,FALSE) -> #N/A | G42: =VLOOKUP($A42,'2026-2027 projections'!$B:$AJ,28,FALSE) -> #N/A | H42: =VLOOKUP($A42,'2026-2027 projections'!$B:$AJ,29,FALSE) -> #N/A | I42: =VLOOKUP($A42,'2026-2027 projections'!$B:$AJ,30,FALSE) -> #N/A | J42: =VLOOKUP($A42,'2026-2027 projections'!$B:$AJ,31,FALSE) -> #N/A | M42: =VLOOKUP(L42,'2026-2027 projections'!B:C,2,FALSE) -> #N/A | N42: =VLOOKUP(L42,'2026-2027 projections'!B:D,3,FALSE) -> #N/A | O42: =VLOOKUP($L42,'2026-2027 projections'!$B:$AJ,23,FALSE) -> #N/A | P42: =VLOOKUP($L42,'2026-2027 projections'!$B:$AJ,24,FALSE) -> #N/A | Q42: =VLOOKUP($L42,'2026-2027 projections'!$B:$AJ,25,FALSE) -> #N/A | R42: =VLOOKUP($L42,'2026-2027 projections'!$B:$AJ,26,FALSE) -> #N/A | S42: =VLOOKUP($L42,'2026-2027 projections'!$B:$AJ,27,FALSE) -> #N/A | T42: =VLOOKUP($L42,'2026-2027 projections'!$B:$AJ,28,FALSE) -> #N/A | U42: =VLOOKUP($L42,'2026-2027 projections'!$B:$AJ,29,FALSE) -> #N/A | V42: =VLOOKUP($L42,'2026-2027 projections'!$B:$AJ,30,FALSE) -> #N/A | W42: =VLOOKUP($L42,'2026-2027 projections'!$B:$AJ,31,FALSE) -> #N/A
A43: =A14 -> 0 | B43: =VLOOKUP($A43,'2026-2027 projections'!$B:$AJ,23,FALSE) -> #N/A | C43: =VLOOKUP($A43,'2026-2027 projections'!$B:$AJ,24,FALSE) -> #N/A | D43: =VLOOKUP($A43,'2026-2027 projections'!$B:$AJ,25,FALSE) -> #N/A | E43: =VLOOKUP($A43,'2026-2027 projections'!$B:$AJ,26,FALSE) -> #N/A | F43: =VLOOKUP($A43,'2026-2027 projections'!$B:$AJ,27,FALSE) -> #N/A | G43: =VLOOKUP($A43,'2026-2027 projections'!$B:$AJ,28,FALSE) -> #N/A | H43: =VLOOKUP($A43,'2026-2027 projections'!$B:$AJ,29,FALSE) -> #N/A | I43: =VLOOKUP($A43,'2026-2027 projections'!$B:$AJ,30,FALSE) -> #N/A | J43: =VLOOKUP($A43,'2026-2027 projections'!$B:$AJ,31,FALSE) -> #N/A | M43: =VLOOKUP(L43,'2026-2027 projections'!B:C,2,FALSE) -> #N/A | N43: =VLOOKUP(L43,'2026-2027 projections'!B:D,3,FALSE) -> #N/A | O43: =VLOOKUP($L43,'2026-2027 projections'!$B:$AJ,23,FALSE) -> #N/A | P43: =VLOOKUP($L43,'2026-2027 projections'!$B:$AJ,24,FALSE) -> #N/A | Q43: =VLOOKUP($L43,'2026-2027 projections'!$B:$AJ,25,FALSE) -> #N/A | R43: =VLOOKUP($L43,'2026-2027 projections'!$B:$AJ,26,FALSE) -> #N/A | S43: =VLOOKUP($L43,'2026-2027 projections'!$B:$AJ,27,FALSE) -> #N/A | T43: =VLOOKUP($L43,'2026-2027 projections'!$B:$AJ,28,FALSE) -> #N/A | U43: =VLOOKUP($L43,'2026-2027 projections'!$B:$AJ,29,FALSE) -> #N/A | V43: =VLOOKUP($L43,'2026-2027 projections'!$B:$AJ,30,FALSE) -> #N/A | W43: =VLOOKUP($L43,'2026-2027 projections'!$B:$AJ,31,FALSE) -> #N/A
A44: =A15 -> 0 | B44: =VLOOKUP($A44,'2026-2027 projections'!$B:$AJ,23,FALSE) -> #N/A | C44: =VLOOKUP($A44,'2026-2027 projections'!$B:$AJ,24,FALSE) -> #N/A | D44: =VLOOKUP($A44,'2026-2027 projections'!$B:$AJ,25,FALSE) -> #N/A | E44: =VLOOKUP($A44,'2026-2027 projections'!$B:$AJ,26,FALSE) -> #N/A | F44: =VLOOKUP($A44,'2026-2027 projections'!$B:$AJ,27,FALSE) -> #N/A | G44: =VLOOKUP($A44,'2026-2027 projections'!$B:$AJ,28,FALSE) -> #N/A | H44: =VLOOKUP($A44,'2026-2027 projections'!$B:$AJ,29,FALSE) -> #N/A | I44: =VLOOKUP($A44,'2026-2027 projections'!$B:$AJ,30,FALSE) -> #N/A | J44: =VLOOKUP($A44,'2026-2027 projections'!$B:$AJ,31,FALSE) -> #N/A
A45: =A16 -> 0 | B45: =VLOOKUP($A45,'2026-2027 projections'!$B:$AJ,23,FALSE) -> #N/A | C45: =VLOOKUP($A45,'2026-2027 projections'!$B:$AJ,24,FALSE) -> #N/A | D45: =VLOOKUP($A45,'2026-2027 projections'!$B:$AJ,25,FALSE) -> #N/A | E45: =VLOOKUP($A45,'2026-2027 projections'!$B:$AJ,26,FALSE) -> #N/A | F45: =VLOOKUP($A45,'2026-2027 projections'!$B:$AJ,27,FALSE) -> #N/A | G45: =VLOOKUP($A45,'2026-2027 projections'!$B:$AJ,28,FALSE) -> #N/A | H45: =VLOOKUP($A45,'2026-2027 projections'!$B:$AJ,29,FALSE) -> #N/A | I45: =VLOOKUP($A45,'2026-2027 projections'!$B:$AJ,30,FALSE) -> #N/A | J45: =VLOOKUP($A45,'2026-2027 projections'!$B:$AJ,31,FALSE) -> #N/A | L45: Rd 7-8 | M45: Fair Value | N45: LY Rank | O45: FG% | P45: FT% | Q45: 3PM | R45: PTS | S45: TREB | T45: AST | U45: STL | V45: BLK | W45: TO
A46: =A17 -> 0 | B46: =VLOOKUP($A46,'2026-2027 projections'!$B:$AJ,23,FALSE) -> #N/A | C46: =VLOOKUP($A46,'2026-2027 projections'!$B:$AJ,24,FALSE) -> #N/A | D46: =VLOOKUP($A46,'2026-2027 projections'!$B:$AJ,25,FALSE) -> #N/A | E46: =VLOOKUP($A46,'2026-2027 projections'!$B:$AJ,26,FALSE) -> #N/A | F46: =VLOOKUP($A46,'2026-2027 projections'!$B:$AJ,27,FALSE) -> #N/A | G46: =VLOOKUP($A46,'2026-2027 projections'!$B:$AJ,28,FALSE) -> #N/A | H46: =VLOOKUP($A46,'2026-2027 projections'!$B:$AJ,29,FALSE) -> #N/A | I46: =VLOOKUP($A46,'2026-2027 projections'!$B:$AJ,30,FALSE) -> #N/A | J46: =VLOOKUP($A46,'2026-2027 projections'!$B:$AJ,31,FALSE) -> #N/A | L46: Jarrett Allen | M46: =VLOOKUP(L46,'2026-2027 projections'!B:C,2,FALSE) -> 68 | N46: =VLOOKUP(L46,'2026-2027 projections'!B:D,3,FALSE) -> 79 | O46: =VLOOKUP($L46,'2026-2027 projections'!$B:$AJ,23,FALSE) -> 2.8390759 | P46: =VLOOKUP($L46,'2026-2027 projections'!$B:$AJ,24,FALSE) -> -1.1148062 | Q46: =VLOOKUP($L46,'2026-2027 projections'!$B:$AJ,25,FALSE) -> -1.7541164 | R46: =VLOOKUP($L46,'2026-2027 projections'!$B:$AJ,26,FALSE) -> -0.39694419 | S46: =VLOOKUP($L46,'2026-2027 projections'!$B:$AJ,27,FALSE) -> 1.3374084 | T46: =VLOOKUP($L46,'2026-2027 projections'!$B:$AJ,28,FALSE) -> -0.95480897 | U46: =VLOOKUP($L46,'2026-2027 projections'!$B:$AJ,29,FALSE) -> -0.34169827 | V46: =VLOOKUP($L46,'2026-2027 projections'!$B:$AJ,30,FALSE) -> 0.24646615 | W46: =VLOOKUP($L46,'2026-2027 projections'!$B:$AJ,31,FALSE) -> 0.88123899
A47: =A18 -> 0 | B47: =VLOOKUP($A47,'2026-2027 projections'!$B:$AJ,23,FALSE) -> #N/A | C47: =VLOOKUP($A47,'2026-2027 projections'!$B:$AJ,24,FALSE) -> #N/A | D47: =VLOOKUP($A47,'2026-2027 projections'!$B:$AJ,25,FALSE) -> #N/A | E47: =VLOOKUP($A47,'2026-2027 projections'!$B:$AJ,26,FALSE) -> #N/A | F47: =VLOOKUP($A47,'2026-2027 projections'!$B:$AJ,27,FALSE) -> #N/A | G47: =VLOOKUP($A47,'2026-2027 projections'!$B:$AJ,28,FALSE) -> #N/A | H47: =VLOOKUP($A47,'2026-2027 projections'!$B:$AJ,29,FALSE) -> #N/A | I47: =VLOOKUP($A47,'2026-2027 projections'!$B:$AJ,30,FALSE) -> #N/A | J47: =VLOOKUP($A47,'2026-2027 projections'!$B:$AJ,31,FALSE) -> #N/A | L47: Tobias Harris | M47: =VLOOKUP(L47,'2026-2027 projections'!B:C,2,FALSE) -> 144 | N47: =VLOOKUP(L47,'2026-2027 projections'!B:D,3,FALSE) -> 132 | O47: =VLOOKUP($L47,'2026-2027 projections'!$B:$AJ,23,FALSE) -> -0.24606995 | P47: =VLOOKUP($L47,'2026-2027 projections'!$B:$AJ,24,FALSE) -> 0.45431469 | Q47: =VLOOKUP($L47,'2026-2027 projections'!$B:$AJ,25,FALSE) -> -0.59674507 | R47: =VLOOKUP($L47,'2026-2027 projections'!$B:$AJ,26,FALSE) -> -0.7376664 | S47: =VLOOKUP($L47,'2026-2027 projections'!$B:$AJ,27,FALSE) -> -0.32710607 | T47: =VLOOKUP($L47,'2026-2027 projections'!$B:$AJ,28,FALSE) -> -0.7999126 | U47: =VLOOKUP($L47,'2026-2027 projections'!$B:$AJ,29,FALSE) -> -0.34169827 | V47: =VLOOKUP($L47,'2026-2027 projections'!$B:$AJ,30,FALSE) -> -0.36262847 | W47: =VLOOKUP($L47,'2026-2027 projections'!$B:$AJ,31,FALSE) -> 1.1541651
A48: =A19 -> 0 | B48: =VLOOKUP($A48,'2026-2027 projections'!$B:$AJ,23,FALSE) -> #N/A | C48: =VLOOKUP($A48,'2026-2027 projections'!$B:$AJ,24,FALSE) -> #N/A | D48: =VLOOKUP($A48,'2026-2027 projections'!$B:$AJ,25,FALSE) -> #N/A | E48: =VLOOKUP($A48,'2026-2027 projections'!$B:$AJ,26,FALSE) -> #N/A | F48: =VLOOKUP($A48,'2026-2027 projections'!$B:$AJ,27,FALSE) -> #N/A | G48: =VLOOKUP($A48,'2026-2027 projections'!$B:$AJ,28,FALSE) -> #N/A | H48: =VLOOKUP($A48,'2026-2027 projections'!$B:$AJ,29,FALSE) -> #N/A | I48: =VLOOKUP($A48,'2026-2027 projections'!$B:$AJ,30,FALSE) -> #N/A | J48: =VLOOKUP($A48,'2026-2027 projections'!$B:$AJ,31,FALSE) -> #N/A | L48: Nikola Vucevic | M48: =VLOOKUP(L48,'2026-2027 projections'!B:C,2,FALSE) -> 168 | N48: =VLOOKUP(L48,'2026-2027 projections'!B:D,3,FALSE) -> 75 | O48: =VLOOKUP($L48,'2026-2027 projections'!$B:$AJ,23,FALSE) -> 0.19824535 | P48: =VLOOKUP($L48,'2026-2027 projections'!$B:$AJ,24,FALSE) -> 0.16028022 | Q48: =VLOOKUP($L48,'2026-2027 projections'!$B:$AJ,25,FALSE) -> -0.59674507 | R48: =VLOOKUP($L48,'2026-2027 projections'!$B:$AJ,26,FALSE) -> -0.92695651 | S48: =VLOOKUP($L48,'2026-2027 projections'!$B:$AJ,27,FALSE) -> 0.25547398 | T48: =VLOOKUP($L48,'2026-2027 projections'!$B:$AJ,28,FALSE) -> -0.69664835 | U48: =VLOOKUP($L48,'2026-2027 projections'!$B:$AJ,29,FALSE) -> -1.5157385 | V48: =VLOOKUP($L48,'2026-2027 projections'!$B:$AJ,30,FALSE) -> -0.36262847 | W48: =VLOOKUP($L48,'2026-2027 projections'!$B:$AJ,31,FALSE) -> 1.1541651
A49: =A20 -> 0 | B49: =VLOOKUP($A49,'2026-2027 projections'!$B:$AJ,23,FALSE) -> #N/A | C49: =VLOOKUP($A49,'2026-2027 projections'!$B:$AJ,24,FALSE) -> #N/A | D49: =VLOOKUP($A49,'2026-2027 projections'!$B:$AJ,25,FALSE) -> #N/A | E49: =VLOOKUP($A49,'2026-2027 projections'!$B:$AJ,26,FALSE) -> #N/A | F49: =VLOOKUP($A49,'2026-2027 projections'!$B:$AJ,27,FALSE) -> #N/A | G49: =VLOOKUP($A49,'2026-2027 projections'!$B:$AJ,28,FALSE) -> #N/A | H49: =VLOOKUP($A49,'2026-2027 projections'!$B:$AJ,29,FALSE) -> #N/A | I49: =VLOOKUP($A49,'2026-2027 projections'!$B:$AJ,30,FALSE) -> #N/A | J49: =VLOOKUP($A49,'2026-2027 projections'!$B:$AJ,31,FALSE) -> #N/A | L49: Julius Randle | M49: =VLOOKUP(L49,'2026-2027 projections'!B:C,2,FALSE) -> 126 | N49: =VLOOKUP(L49,'2026-2027 projections'!B:D,3,FALSE) -> 62 | O49: =VLOOKUP($L49,'2026-2027 projections'!$B:$AJ,23,FALSE) -> -0.17542833 | P49: =VLOOKUP($L49,'2026-2027 projections'!$B:$AJ,24,FALSE) -> -0.036492372 | Q49: =VLOOKUP($L49,'2026-2027 projections'!$B:$AJ,25,FALSE) -> -0.17588276 | R49: =VLOOKUP($L49,'2026-2027 projections'!$B:$AJ,26,FALSE) -> 0.77665451 | S49: =VLOOKUP($L49,'2026-2027 projections'!$B:$AJ,27,FALSE) -> 0.50515115 | T49: =VLOOKUP($L49,'2026-2027 projections'!$B:$AJ,28,FALSE) -> 0.49089049 | U49: =VLOOKUP($L49,'2026-2027 projections'!$B:$AJ,29,FALSE) -> -0.34169827 | V49: =VLOOKUP($L49,'2026-2027 projections'!$B:$AJ,30,FALSE) -> -0.97172309 | W49: =VLOOKUP($L49,'2026-2027 projections'!$B:$AJ,31,FALSE) -> -1.3021698
L50: Nicolas Claxton | M50: =VLOOKUP(L50,'2026-2027 projections'!B:C,2,FALSE) -> 137 | N50: =VLOOKUP(L50,'2026-2027 projections'!B:D,3,FALSE) -> 137 | O50: =VLOOKUP($L50,'2026-2027 projections'!$B:$AJ,23,FALSE) -> 1.2901228 | P50: =VLOOKUP($L50,'2026-2027 projections'!$B:$AJ,24,FALSE) -> -2 | Q50: =VLOOKUP($L50,'2026-2027 projections'!$B:$AJ,25,FALSE) -> -1.6489009 | R50: =VLOOKUP($L50,'2026-2027 projections'!$B:$AJ,26,FALSE) -> -0.81338244 | S50: =VLOOKUP($L50,'2026-2027 projections'!$B:$AJ,27,FALSE) -> 0.75482832 | T50: =VLOOKUP($L50,'2026-2027 projections'!$B:$AJ,28,FALSE) -> -0.28359137 | U50: =VLOOKUP($L50,'2026-2027 projections'!$B:$AJ,29,FALSE) -> -0.63520832 | V50: =VLOOKUP($L50,'2026-2027 projections'!$B:$AJ,30,FALSE) -> 1.2616238 | W50: =VLOOKUP($L50,'2026-2027 projections'!$B:$AJ,31,FALSE) -> 0.60831289
L51: Bradley Beal | M51: =VLOOKUP(L51,'2026-2027 projections'!B:C,2,FALSE) -> 183 | N51: =VLOOKUP(L51,'2026-2027 projections'!B:D,3,FALSE) -> #N/A | O51: =VLOOKUP($L51,'2026-2027 projections'!$B:$AJ,23,FALSE) -> -0.28389151 | P51: =VLOOKUP($L51,'2026-2027 projections'!$B:$AJ,24,FALSE) -> 0.1779642 | Q51: =VLOOKUP($L51,'2026-2027 projections'!$B:$AJ,25,FALSE) -> 0.034548399 | R51: =VLOOKUP($L51,'2026-2027 projections'!$B:$AJ,26,FALSE) -> -0.37801518 | S51: =VLOOKUP($L51,'2026-2027 projections'!$B:$AJ,27,FALSE) -> -1.2009762 | T51: =VLOOKUP($L51,'2026-2027 projections'!$B:$AJ,28,FALSE) -> -0.33522349 | U51: =VLOOKUP($L51,'2026-2027 projections'!$B:$AJ,29,FALSE) -> -0.34169827 | V51: =VLOOKUP($L51,'2026-2027 projections'!$B:$AJ,30,FALSE) -> -0.56566001 | W51: =VLOOKUP($L51,'2026-2027 projections'!$B:$AJ,31,FALSE) -> 0.19892375
B52: FG% | C52: FT% | D52: 3PM | E52: PTS | F52: TREB | G52: AST | H52: STL | I52: BLK | J52: TO | L52: Brandon Ingram | M52: =VLOOKUP(L52,'2026-2027 projections'!B:C,2,FALSE) -> 101 | N52: =VLOOKUP(L52,'2026-2027 projections'!B:D,3,FALSE) -> 61 | O52: =VLOOKUP($L52,'2026-2027 projections'!$B:$AJ,23,FALSE) -> -0.28935258 | P52: =VLOOKUP($L52,'2026-2027 projections'!$B:$AJ,24,FALSE) -> 0.28463028 | Q52: =VLOOKUP($L52,'2026-2027 projections'!$B:$AJ,25,FALSE) -> 0.24497956 | R52: =VLOOKUP($L52,'2026-2027 projections'!$B:$AJ,26,FALSE) -> 1.0416607 | S52: =VLOOKUP($L52,'2026-2027 projections'!$B:$AJ,27,FALSE) -> -0.077428906 | T52: =VLOOKUP($L52,'2026-2027 projections'!$B:$AJ,28,FALSE) -> 0.12946562 | U52: =VLOOKUP($L52,'2026-2027 projections'!$B:$AJ,29,FALSE) -> -0.63520832 | V52: =VLOOKUP($L52,'2026-2027 projections'!$B:$AJ,30,FALSE) -> 0.043434608 | W52: =VLOOKUP($L52,'2026-2027 projections'!$B:$AJ,31,FALSE) -> -1.1657067
B53: =AVERAGEIF(B30:B44, "<>#N/A") -> 1.3737546 | C53: =AVERAGEIF(C30:C44, "<>#N/A") -> 0.64112088 | D53: =AVERAGEIF(D30:D44, "<>#N/A") -> 0.66584187 | E53: =AVERAGEIF(E30:E44, "<>#N/A") -> 1.3161313 | F53: =AVERAGEIF(F30:F44, "<>#N/A") -> 0.96289263 | G53: =AVERAGEIF(G30:G44, "<>#N/A") -> 3.2790252 | H53: =AVERAGEIF(H30:H44, "<>#N/A") -> 1.272607 | I53: =AVERAGEIF(I30:I44, "<>#N/A") -> -0.058081162 | J53: =AVERAGEIF(J30:J44, "<>#N/A") -> -0.90053813 | K53: =AVERAGE(B53:J53) -> 0.95030602 | L53: Tyler Herro | M53: =VLOOKUP(L53,'2026-2027 projections'!B:C,2,FALSE) -> 44 | N53: =VLOOKUP(L53,'2026-2027 projections'!B:D,3,FALSE) -> 47 | O53: =VLOOKUP($L53,'2026-2027 projections'!$B:$AJ,23,FALSE) -> -0.46069851 | P53: =VLOOKUP($L53,'2026-2027 projections'!$B:$AJ,24,FALSE) -> 1.247436 | Q53: =VLOOKUP($L53,'2026-2027 projections'!$B:$AJ,25,FALSE) -> 1.2971353 | R53: =VLOOKUP($L53,'2026-2027 projections'!$B:$AJ,26,FALSE) -> 1.2309508 | S53: =VLOOKUP($L53,'2026-2027 projections'!$B:$AJ,27,FALSE) -> -0.36871894 | T53: =VLOOKUP($L53,'2026-2027 projections'!$B:$AJ,28,FALSE) -> 0.59415474 | U53: =VLOOKUP($L53,'2026-2027 projections'!$B:$AJ,29,FALSE) -> -0.63520832 | V53: =VLOOKUP($L53,'2026-2027 projections'!$B:$AJ,30,FALSE) -> -0.76869155 | W53: =VLOOKUP($L53,'2026-2027 projections'!$B:$AJ,31,FALSE) -> -0.4833915
L54: Michael Porter Jr. | M54: =VLOOKUP(L54,'2026-2027 projections'!B:C,2,FALSE) -> 58 | N54: =VLOOKUP(L54,'2026-2027 projections'!B:D,3,FALSE) -> 28 | O54: =VLOOKUP($L54,'2026-2027 projections'!$B:$AJ,23,FALSE) -> -0.16266796 | P54: =VLOOKUP($L54,'2026-2027 projections'!$B:$AJ,24,FALSE) -> 0.61459491 | Q54: =VLOOKUP($L54,'2026-2027 projections'!$B:$AJ,25,FALSE) -> 1.2971353 | R54: =VLOOKUP($L54,'2026-2027 projections'!$B:$AJ,26,FALSE) -> 0.79558352 | S54: =VLOOKUP($L54,'2026-2027 projections'!$B:$AJ,27,FALSE) -> 0.46353829 | T54: =VLOOKUP($L54,'2026-2027 projections'!$B:$AJ,28,FALSE) -> -0.64501623 | U54: =VLOOKUP($L54,'2026-2027 projections'!$B:$AJ,29,FALSE) -> -0.63520832 | V54: =VLOOKUP($L54,'2026-2027 projections'!$B:$AJ,30,FALSE) -> -0.56566001 | W54: =VLOOKUP($L54,'2026-2027 projections'!$B:$AJ,31,FALSE) -> -0.07400235
L55: D'Angelo Russell | M55: =VLOOKUP(L55,'2026-2027 projections'!B:C,2,FALSE) -> #N/A | N55: =VLOOKUP(L55,'2026-2027 projections'!B:D,3,FALSE) -> #N/A | O55: =VLOOKUP($L55,'2026-2027 projections'!$B:$AJ,23,FALSE) -> #N/A | P55: =VLOOKUP($L55,'2026-2027 projections'!$B:$AJ,24,FALSE) -> #N/A | Q55: =VLOOKUP($L55,'2026-2027 projections'!$B:$AJ,25,FALSE) -> #N/A | R55: =VLOOKUP($L55,'2026-2027 projections'!$B:$AJ,26,FALSE) -> #N/A | S55: =VLOOKUP($L55,'2026-2027 projections'!$B:$AJ,27,FALSE) -> #N/A | T55: =VLOOKUP($L55,'2026-2027 projections'!$B:$AJ,28,FALSE) -> #N/A | U55: =VLOOKUP($L55,'2026-2027 projections'!$B:$AJ,29,FALSE) -> #N/A | V55: =VLOOKUP($L55,'2026-2027 projections'!$B:$AJ,30,FALSE) -> #N/A | W55: =VLOOKUP($L55,'2026-2027 projections'!$B:$AJ,31,FALSE) -> #N/A
L56: Brandon Miller | M56: =VLOOKUP(L56,'2026-2027 projections'!B:C,2,FALSE) -> 73 | N56: =VLOOKUP(L56,'2026-2027 projections'!B:D,3,FALSE) -> 50 | O56: =VLOOKUP($L56,'2026-2027 projections'!$B:$AJ,23,FALSE) -> -1.67334 | P56: =VLOOKUP($L56,'2026-2027 projections'!$B:$AJ,24,FALSE) -> 0.96224353 | Q56: =VLOOKUP($L56,'2026-2027 projections'!$B:$AJ,25,FALSE) -> 1.8232132 | R56: =VLOOKUP($L56,'2026-2027 projections'!$B:$AJ,26,FALSE) -> 0.89022858 | S56: =VLOOKUP($L56,'2026-2027 projections'!$B:$AJ,27,FALSE) -> -0.32710607 | T56: =VLOOKUP($L56,'2026-2027 projections'!$B:$AJ,28,FALSE) -> -0.077062871 | U56: =VLOOKUP($L56,'2026-2027 projections'!$B:$AJ,29,FALSE) -> -0.048188217 | V56: =VLOOKUP($L56,'2026-2027 projections'!$B:$AJ,30,FALSE) -> 0.043434608 | W56: =VLOOKUP($L56,'2026-2027 projections'!$B:$AJ,31,FALSE) -> -1.0292437
A58: Player | B58: FG% | C58: FT% | D58: 3PM | E58: PTS | F58: TREB | G58: AST | H58: STL | I58: BLK | J58: TO | L58: Rd 9-10 | M58: Fair Value | N58: LY Rank | O58: FG% | P58: FT% | Q58: 3PM | R58: PTS | S58: TREB | T58: AST | U58: STL | V58: BLK | W58: TO
A59: =A2 -> Nikola Jokic | B59: =VLOOKUP($A59,'2026-2027 projections'!$B:$AJ,23,FALSE) -> 3.0692222 | C59: =VLOOKUP($A59,'2026-2027 projections'!$B:$AJ,24,FALSE) -> 0.67648884 | D59: =VLOOKUP($A59,'2026-2027 projections'!$B:$AJ,25,FALSE) -> 0.13976398 | E59: =VLOOKUP($A59,'2026-2027 projections'!$B:$AJ,26,FALSE) -> 2.3666915 | F59: =VLOOKUP($A59,'2026-2027 projections'!$B:$AJ,27,FALSE) -> 2.9186971 | G59: =VLOOKUP($A59,'2026-2027 projections'!$B:$AJ,28,FALSE) -> 3.4855537 | H59: =VLOOKUP($A59,'2026-2027 projections'!$B:$AJ,29,FALSE) -> 1.7128721 | I59: =VLOOKUP($A59,'2026-2027 projections'!$B:$AJ,30,FALSE) -> 0.043434608 | J59: =VLOOKUP($A59,'2026-2027 projections'!$B:$AJ,31,FALSE) -> -2 | L59: Brandon Miller | M59: =VLOOKUP(L59,'2026-2027 projections'!B:C,2,FALSE) -> 73 | N59: =VLOOKUP(L59,'2026-2027 projections'!B:D,3,FALSE) -> 50 | O59: =VLOOKUP($L59,'2026-2027 projections'!$B:$AJ,23,FALSE) -> -1.67334 | P59: =VLOOKUP($L59,'2026-2027 projections'!$B:$AJ,24,FALSE) -> 0.96224353 | Q59: =VLOOKUP($L59,'2026-2027 projections'!$B:$AJ,25,FALSE) -> 1.8232132 | R59: =VLOOKUP($L59,'2026-2027 projections'!$B:$AJ,26,FALSE) -> 0.89022858 | S59: =VLOOKUP($L59,'2026-2027 projections'!$B:$AJ,27,FALSE) -> -0.32710607 | T59: =VLOOKUP($L59,'2026-2027 projections'!$B:$AJ,28,FALSE) -> -0.077062871 | U59: =VLOOKUP($L59,'2026-2027 projections'!$B:$AJ,29,FALSE) -> -0.048188217 | V59: =VLOOKUP($L59,'2026-2027 projections'!$B:$AJ,30,FALSE) -> 0.043434608 | W59: =VLOOKUP($L59,'2026-2027 projections'!$B:$AJ,31,FALSE) -> -1.0292437
A60: =A3 -> Tyrese Haliburton | B60: =VLOOKUP($A60,'2026-2027 projections'!$B:$AJ,23,FALSE) -> -0.32171307 | C60: =VLOOKUP($A60,'2026-2027 projections'!$B:$AJ,24,FALSE) -> 0.60575292 | D60: =VLOOKUP($A60,'2026-2027 projections'!$B:$AJ,25,FALSE) -> 1.1919198 | E60: =VLOOKUP($A60,'2026-2027 projections'!$B:$AJ,26,FALSE) -> 0.2655712 | F60: =VLOOKUP($A60,'2026-2027 projections'!$B:$AJ,27,FALSE) -> -0.99291185 | G60: =VLOOKUP($A60,'2026-2027 projections'!$B:$AJ,28,FALSE) -> 3.0724967 | H60: =VLOOKUP($A60,'2026-2027 projections'!$B:$AJ,29,FALSE) -> 0.83234193 | I60: =VLOOKUP($A60,'2026-2027 projections'!$B:$AJ,30,FALSE) -> -0.15959693 | J60: =VLOOKUP($A60,'2026-2027 projections'!$B:$AJ,31,FALSE) -> 0.19892375 | L60: Cam Thomas | M60: =VLOOKUP(L60,'2026-2027 projections'!B:C,2,FALSE) -> #N/A | N60: =VLOOKUP(L60,'2026-2027 projections'!B:D,3,FALSE) -> #N/A | O60: =VLOOKUP($L60,'2026-2027 projections'!$B:$AJ,23,FALSE) -> #N/A | P60: =VLOOKUP($L60,'2026-2027 projections'!$B:$AJ,24,FALSE) -> #N/A | Q60: =VLOOKUP($L60,'2026-2027 projections'!$B:$AJ,25,FALSE) -> #N/A | R60: =VLOOKUP($L60,'2026-2027 projections'!$B:$AJ,26,FALSE) -> #N/A | S60: =VLOOKUP($L60,'2026-2027 projections'!$B:$AJ,27,FALSE) -> #N/A | T60: =VLOOKUP($L60,'2026-2027 projections'!$B:$AJ,28,FALSE) -> #N/A | U60: =VLOOKUP($L60,'2026-2027 projections'!$B:$AJ,29,FALSE) -> #N/A | V60: =VLOOKUP($L60,'2026-2027 projections'!$B:$AJ,30,FALSE) -> #N/A | W60: =VLOOKUP($L60,'2026-2027 projections'!$B:$AJ,31,FALSE) -> #N/A
A61: =A4 -> 0 | B61: =VLOOKUP($A61,'2026-2027 projections'!$B:$AJ,23,FALSE) -> #N/A | C61: =VLOOKUP($A61,'2026-2027 projections'!$B:$AJ,24,FALSE) -> #N/A | D61: =VLOOKUP($A61,'2026-2027 projections'!$B:$AJ,25,FALSE) -> #N/A | E61: =VLOOKUP($A61,'2026-2027 projections'!$B:$AJ,26,FALSE) -> #N/A | F61: =VLOOKUP($A61,'2026-2027 projections'!$B:$AJ,27,FALSE) -> #N/A | G61: =VLOOKUP($A61,'2026-2027 projections'!$B:$AJ,28,FALSE) -> #N/A | H61: =VLOOKUP($A61,'2026-2027 projections'!$B:$AJ,29,FALSE) -> #N/A | I61: =VLOOKUP($A61,'2026-2027 projections'!$B:$AJ,30,FALSE) -> #N/A | J61: =VLOOKUP($A61,'2026-2027 projections'!$B:$AJ,31,FALSE) -> #N/A | L61: Brandon Ingram | M61: =VLOOKUP(L61,'2026-2027 projections'!B:C,2,FALSE) -> 101 | N61: =VLOOKUP(L61,'2026-2027 projections'!B:D,3,FALSE) -> 61 | O61: =VLOOKUP($L61,'2026-2027 projections'!$B:$AJ,23,FALSE) -> -0.28935258 | P61: =VLOOKUP($L61,'2026-2027 projections'!$B:$AJ,24,FALSE) -> 0.28463028 | Q61: =VLOOKUP($L61,'2026-2027 projections'!$B:$AJ,25,FALSE) -> 0.24497956 | R61: =VLOOKUP($L61,'2026-2027 projections'!$B:$AJ,26,FALSE) -> 1.0416607 | S61: =VLOOKUP($L61,'2026-2027 projections'!$B:$AJ,27,FALSE) -> -0.077428906 | T61: =VLOOKUP($L61,'2026-2027 projections'!$B:$AJ,28,FALSE) -> 0.12946562 | U61: =VLOOKUP($L61,'2026-2027 projections'!$B:$AJ,29,FALSE) -> -0.63520832 | V61: =VLOOKUP($L61,'2026-2027 projections'!$B:$AJ,30,FALSE) -> 0.043434608 | W61: =VLOOKUP($L61,'2026-2027 projections'!$B:$AJ,31,FALSE) -> -1.1657067
A62: =A5 -> 0 | B62: =VLOOKUP($A62,'2026-2027 projections'!$B:$AJ,23,FALSE) -> #N/A | C62: =VLOOKUP($A62,'2026-2027 projections'!$B:$AJ,24,FALSE) -> #N/A | D62: =VLOOKUP($A62,'2026-2027 projections'!$B:$AJ,25,FALSE) -> #N/A | E62: =VLOOKUP($A62,'2026-2027 projections'!$B:$AJ,26,FALSE) -> #N/A | F62: =VLOOKUP($A62,'2026-2027 projections'!$B:$AJ,27,FALSE) -> #N/A | G62: =VLOOKUP($A62,'2026-2027 projections'!$B:$AJ,28,FALSE) -> #N/A | H62: =VLOOKUP($A62,'2026-2027 projections'!$B:$AJ,29,FALSE) -> #N/A | I62: =VLOOKUP($A62,'2026-2027 projections'!$B:$AJ,30,FALSE) -> #N/A | J62: =VLOOKUP($A62,'2026-2027 projections'!$B:$AJ,31,FALSE) -> #N/A | L62: D'Angelo Russell | M62: =VLOOKUP(L62,'2026-2027 projections'!B:C,2,FALSE) -> #N/A | N62: =VLOOKUP(L62,'2026-2027 projections'!B:D,3,FALSE) -> #N/A | O62: =VLOOKUP($L62,'2026-2027 projections'!$B:$AJ,23,FALSE) -> #N/A | P62: =VLOOKUP($L62,'2026-2027 projections'!$B:$AJ,24,FALSE) -> #N/A | Q62: =VLOOKUP($L62,'2026-2027 projections'!$B:$AJ,25,FALSE) -> #N/A | R62: =VLOOKUP($L62,'2026-2027 projections'!$B:$AJ,26,FALSE) -> #N/A | S62: =VLOOKUP($L62,'2026-2027 projections'!$B:$AJ,27,FALSE) -> #N/A | T62: =VLOOKUP($L62,'2026-2027 projections'!$B:$AJ,28,FALSE) -> #N/A | U62: =VLOOKUP($L62,'2026-2027 projections'!$B:$AJ,29,FALSE) -> #N/A | V62: =VLOOKUP($L62,'2026-2027 projections'!$B:$AJ,30,FALSE) -> #N/A | W62: =VLOOKUP($L62,'2026-2027 projections'!$B:$AJ,31,FALSE) -> #N/A
A63: =A6 -> 0 | B63: =VLOOKUP($A63,'2026-2027 projections'!$B:$AJ,23,FALSE) -> #N/A | C63: =VLOOKUP($A63,'2026-2027 projections'!$B:$AJ,24,FALSE) -> #N/A | D63: =VLOOKUP($A63,'2026-2027 projections'!$B:$AJ,25,FALSE) -> #N/A | E63: =VLOOKUP($A63,'2026-2027 projections'!$B:$AJ,26,FALSE) -> #N/A | F63: =VLOOKUP($A63,'2026-2027 projections'!$B:$AJ,27,FALSE) -> #N/A | G63: =VLOOKUP($A63,'2026-2027 projections'!$B:$AJ,28,FALSE) -> #N/A | H63: =VLOOKUP($A63,'2026-2027 projections'!$B:$AJ,29,FALSE) -> #N/A | I63: =VLOOKUP($A63,'2026-2027 projections'!$B:$AJ,30,FALSE) -> #N/A | J63: =VLOOKUP($A63,'2026-2027 projections'!$B:$AJ,31,FALSE) -> #N/A | L63: Jordan Poole | M63: =VLOOKUP(L63,'2026-2027 projections'!B:C,2,FALSE) -> #N/A | N63: =VLOOKUP(L63,'2026-2027 projections'!B:D,3,FALSE) -> #N/A | O63: =VLOOKUP($L63,'2026-2027 projections'!$B:$AJ,23,FALSE) -> #N/A | P63: =VLOOKUP($L63,'2026-2027 projections'!$B:$AJ,24,FALSE) -> #N/A | Q63: =VLOOKUP($L63,'2026-2027 projections'!$B:$AJ,25,FALSE) -> #N/A | R63: =VLOOKUP($L63,'2026-2027 projections'!$B:$AJ,26,FALSE) -> #N/A | S63: =VLOOKUP($L63,'2026-2027 projections'!$B:$AJ,27,FALSE) -> #N/A | T63: =VLOOKUP($L63,'2026-2027 projections'!$B:$AJ,28,FALSE) -> #N/A | U63: =VLOOKUP($L63,'2026-2027 projections'!$B:$AJ,29,FALSE) -> #N/A | V63: =VLOOKUP($L63,'2026-2027 projections'!$B:$AJ,30,FALSE) -> #N/A | W63: =VLOOKUP($L63,'2026-2027 projections'!$B:$AJ,31,FALSE) -> #N/A
A64: =A7 -> 0 | B64: =VLOOKUP($A64,'2026-2027 projections'!$B:$AJ,23,FALSE) -> #N/A | C64: =VLOOKUP($A64,'2026-2027 projections'!$B:$AJ,24,FALSE) -> #N/A | D64: =VLOOKUP($A64,'2026-2027 projections'!$B:$AJ,25,FALSE) -> #N/A | E64: =VLOOKUP($A64,'2026-2027 projections'!$B:$AJ,26,FALSE) -> #N/A | F64: =VLOOKUP($A64,'2026-2027 projections'!$B:$AJ,27,FALSE) -> #N/A | G64: =VLOOKUP($A64,'2026-2027 projections'!$B:$AJ,28,FALSE) -> #N/A | H64: =VLOOKUP($A64,'2026-2027 projections'!$B:$AJ,29,FALSE) -> #N/A | I64: =VLOOKUP($A64,'2026-2027 projections'!$B:$AJ,30,FALSE) -> #N/A | J64: =VLOOKUP($A64,'2026-2027 projections'!$B:$AJ,31,FALSE) -> #N/A | L64: OG Anunoby | M64: =VLOOKUP(L64,'2026-2027 projections'!B:C,2,FALSE) -> 36 | N64: =VLOOKUP(L64,'2026-2027 projections'!B:D,3,FALSE) -> 48 | O64: =VLOOKUP($L64,'2026-2027 projections'!$B:$AJ,23,FALSE) -> -0.061504083 | P64: =VLOOKUP($L64,'2026-2027 projections'!$B:$AJ,24,FALSE) -> 0.40070055 | Q64: =VLOOKUP($L64,'2026-2027 projections'!$B:$AJ,25,FALSE) -> 0.56062629 | R64: =VLOOKUP($L64,'2026-2027 projections'!$B:$AJ,26,FALSE) -> 0.15199714 | S64: =VLOOKUP($L64,'2026-2027 projections'!$B:$AJ,27,FALSE) -> -0.36871894 | T64: =VLOOKUP($L64,'2026-2027 projections'!$B:$AJ,28,FALSE) -> -0.7999126 | U64: =VLOOKUP($L64,'2026-2027 projections'!$B:$AJ,29,FALSE) -> 1.419362 | V64: =VLOOKUP($L64,'2026-2027 projections'!$B:$AJ,30,FALSE) -> 0.24646615 | W64: =VLOOKUP($L64,'2026-2027 projections'!$B:$AJ,31,FALSE) -> 0.47184985
A65: =A8 -> 0 | B65: =VLOOKUP($A65,'2026-2027 projections'!$B:$AJ,23,FALSE) -> #N/A | C65: =VLOOKUP($A65,'2026-2027 projections'!$B:$AJ,24,FALSE) -> #N/A | D65: =VLOOKUP($A65,'2026-2027 projections'!$B:$AJ,25,FALSE) -> #N/A | E65: =VLOOKUP($A65,'2026-2027 projections'!$B:$AJ,26,FALSE) -> #N/A | F65: =VLOOKUP($A65,'2026-2027 projections'!$B:$AJ,27,FALSE) -> #N/A | G65: =VLOOKUP($A65,'2026-2027 projections'!$B:$AJ,28,FALSE) -> #N/A | H65: =VLOOKUP($A65,'2026-2027 projections'!$B:$AJ,29,FALSE) -> #N/A | I65: =VLOOKUP($A65,'2026-2027 projections'!$B:$AJ,30,FALSE) -> #N/A | J65: =VLOOKUP($A65,'2026-2027 projections'!$B:$AJ,31,FALSE) -> #N/A | L65: Tyler Herro | M65: =VLOOKUP(L65,'2026-2027 projections'!B:C,2,FALSE) -> 44 | N65: =VLOOKUP(L65,'2026-2027 projections'!B:D,3,FALSE) -> 47 | O65: =VLOOKUP($L65,'2026-2027 projections'!$B:$AJ,23,FALSE) -> -0.46069851 | P65: =VLOOKUP($L65,'2026-2027 projections'!$B:$AJ,24,FALSE) -> 1.247436 | Q65: =VLOOKUP($L65,'2026-2027 projections'!$B:$AJ,25,FALSE) -> 1.2971353 | R65: =VLOOKUP($L65,'2026-2027 projections'!$B:$AJ,26,FALSE) -> 1.2309508 | S65: =VLOOKUP($L65,'2026-2027 projections'!$B:$AJ,27,FALSE) -> -0.36871894 | T65: =VLOOKUP($L65,'2026-2027 projections'!$B:$AJ,28,FALSE) -> 0.59415474 | U65: =VLOOKUP($L65,'2026-2027 projections'!$B:$AJ,29,FALSE) -> -0.63520832 | V65: =VLOOKUP($L65,'2026-2027 projections'!$B:$AJ,30,FALSE) -> -0.76869155 | W65: =VLOOKUP($L65,'2026-2027 projections'!$B:$AJ,31,FALSE) -> -0.4833915
A66: =A9 -> 0 | B66: =VLOOKUP($A66,'2026-2027 projections'!$B:$AJ,23,FALSE) -> #N/A | C66: =VLOOKUP($A66,'2026-2027 projections'!$B:$AJ,24,FALSE) -> #N/A | D66: =VLOOKUP($A66,'2026-2027 projections'!$B:$AJ,25,FALSE) -> #N/A | E66: =VLOOKUP($A66,'2026-2027 projections'!$B:$AJ,26,FALSE) -> #N/A | F66: =VLOOKUP($A66,'2026-2027 projections'!$B:$AJ,27,FALSE) -> #N/A | G66: =VLOOKUP($A66,'2026-2027 projections'!$B:$AJ,28,FALSE) -> #N/A | H66: =VLOOKUP($A66,'2026-2027 projections'!$B:$AJ,29,FALSE) -> #N/A | I66: =VLOOKUP($A66,'2026-2027 projections'!$B:$AJ,30,FALSE) -> #N/A | J66: =VLOOKUP($A66,'2026-2027 projections'!$B:$AJ,31,FALSE) -> #N/A | L66: Keegan Murray | M66: =VLOOKUP(L66,'2026-2027 projections'!B:C,2,FALSE) -> 63 | N66: =VLOOKUP(L66,'2026-2027 projections'!B:D,3,FALSE) -> 103 | O66: =VLOOKUP($L66,'2026-2027 projections'!$B:$AJ,23,FALSE) -> -0.84851124 | P66: =VLOOKUP($L66,'2026-2027 projections'!$B:$AJ,24,FALSE) -> 0.24042033 | Q66: =VLOOKUP($L66,'2026-2027 projections'!$B:$AJ,25,FALSE) -> 0.56062629 | R66: =VLOOKUP($L66,'2026-2027 projections'!$B:$AJ,26,FALSE) -> 0.038423068 | S66: =VLOOKUP($L66,'2026-2027 projections'!$B:$AJ,27,FALSE) -> 0.33869971 | T66: =VLOOKUP($L66,'2026-2027 projections'!$B:$AJ,28,FALSE) -> -1.1097053 | U66: =VLOOKUP($L66,'2026-2027 projections'!$B:$AJ,29,FALSE) -> -0.34169827 | V66: =VLOOKUP($L66,'2026-2027 projections'!$B:$AJ,30,FALSE) -> 0.85556077 | W66: =VLOOKUP($L66,'2026-2027 projections'!$B:$AJ,31,FALSE) -> 1.1541651
B67: =VLOOKUP($A67,'2026-2027 projections'!$B:$AJ,23,FALSE) -> #N/A | C67: =VLOOKUP($A67,'2026-2027 projections'!$B:$AJ,24,FALSE) -> #N/A | D67: =VLOOKUP($A67,'2026-2027 projections'!$B:$AJ,25,FALSE) -> #N/A | E67: =VLOOKUP($A67,'2026-2027 projections'!$B:$AJ,26,FALSE) -> #N/A | F67: =VLOOKUP($A67,'2026-2027 projections'!$B:$AJ,27,FALSE) -> #N/A | G67: =VLOOKUP($A67,'2026-2027 projections'!$B:$AJ,28,FALSE) -> #N/A | H67: =VLOOKUP($A67,'2026-2027 projections'!$B:$AJ,29,FALSE) -> #N/A | I67: =VLOOKUP($A67,'2026-2027 projections'!$B:$AJ,30,FALSE) -> #N/A | J67: =VLOOKUP($A67,'2026-2027 projections'!$B:$AJ,31,FALSE) -> #N/A | L67: Kyle Kuzma | M67: =VLOOKUP(L67,'2026-2027 projections'!B:C,2,FALSE) -> #N/A | N67: =VLOOKUP(L67,'2026-2027 projections'!B:D,3,FALSE) -> #N/A | O67: =VLOOKUP($L67,'2026-2027 projections'!$B:$AJ,23,FALSE) -> #N/A | P67: =VLOOKUP($L67,'2026-2027 projections'!$B:$AJ,24,FALSE) -> #N/A | Q67: =VLOOKUP($L67,'2026-2027 projections'!$B:$AJ,25,FALSE) -> #N/A | R67: =VLOOKUP($L67,'2026-2027 projections'!$B:$AJ,26,FALSE) -> #N/A | S67: =VLOOKUP($L67,'2026-2027 projections'!$B:$AJ,27,FALSE) -> #N/A | T67: =VLOOKUP($L67,'2026-2027 projections'!$B:$AJ,28,FALSE) -> #N/A | U67: =VLOOKUP($L67,'2026-2027 projections'!$B:$AJ,29,FALSE) -> #N/A | V67: =VLOOKUP($L67,'2026-2027 projections'!$B:$AJ,30,FALSE) -> #N/A | W67: =VLOOKUP($L67,'2026-2027 projections'!$B:$AJ,31,FALSE) -> #N/A
B68: =VLOOKUP($A68,'2026-2027 projections'!$B:$AJ,23,FALSE) -> #N/A | C68: =VLOOKUP($A68,'2026-2027 projections'!$B:$AJ,24,FALSE) -> #N/A | D68: =VLOOKUP($A68,'2026-2027 projections'!$B:$AJ,25,FALSE) -> #N/A | E68: =VLOOKUP($A68,'2026-2027 projections'!$B:$AJ,26,FALSE) -> #N/A | F68: =VLOOKUP($A68,'2026-2027 projections'!$B:$AJ,27,FALSE) -> #N/A | G68: =VLOOKUP($A68,'2026-2027 projections'!$B:$AJ,28,FALSE) -> #N/A | H68: =VLOOKUP($A68,'2026-2027 projections'!$B:$AJ,29,FALSE) -> #N/A | I68: =VLOOKUP($A68,'2026-2027 projections'!$B:$AJ,30,FALSE) -> #N/A | J68: =VLOOKUP($A68,'2026-2027 projections'!$B:$AJ,31,FALSE) -> #N/A | L68: Ivica Zubac | M68: =VLOOKUP(L68,'2026-2027 projections'!B:C,2,FALSE) -> 64 | N68: =VLOOKUP(L68,'2026-2027 projections'!B:D,3,FALSE) -> 99 | O68: =VLOOKUP($L68,'2026-2027 projections'!$B:$AJ,23,FALSE) -> 2.6426688 | P68: =VLOOKUP($L68,'2026-2027 projections'!$B:$AJ,24,FALSE) -> -1.4088406 | Q68: =VLOOKUP($L68,'2026-2027 projections'!$B:$AJ,25,FALSE) -> -1.7541164 | R68: =VLOOKUP($L68,'2026-2027 projections'!$B:$AJ,26,FALSE) -> -0.13193803 | S68: =VLOOKUP($L68,'2026-2027 projections'!$B:$AJ,27,FALSE) -> 2.4193428 | T68: =VLOOKUP($L68,'2026-2027 projections'!$B:$AJ,28,FALSE) -> -0.64501623 | U68: =VLOOKUP($L68,'2026-2027 projections'!$B:$AJ,29,FALSE) -> -1.2222284 | V68: =VLOOKUP($L68,'2026-2027 projections'!$B:$AJ,30,FALSE) -> 0.65252923 | W68: =VLOOKUP($L68,'2026-2027 projections'!$B:$AJ,31,FALSE) -> 0.3353868
B69: =VLOOKUP($A69,'2026-2027 projections'!$B:$AJ,23,FALSE) -> #N/A | C69: =VLOOKUP($A69,'2026-2027 projections'!$B:$AJ,24,FALSE) -> #N/A | D69: =VLOOKUP($A69,'2026-2027 projections'!$B:$AJ,25,FALSE) -> #N/A | E69: =VLOOKUP($A69,'2026-2027 projections'!$B:$AJ,26,FALSE) -> #N/A | F69: =VLOOKUP($A69,'2026-2027 projections'!$B:$AJ,27,FALSE) -> #N/A | G69: =VLOOKUP($A69,'2026-2027 projections'!$B:$AJ,28,FALSE) -> #N/A | H69: =VLOOKUP($A69,'2026-2027 projections'!$B:$AJ,29,FALSE) -> #N/A | I69: =VLOOKUP($A69,'2026-2027 projections'!$B:$AJ,30,FALSE) -> #N/A | J69: =VLOOKUP($A69,'2026-2027 projections'!$B:$AJ,31,FALSE) -> #N/A | L69: Bogdan Bogdanovic | M69: =VLOOKUP(L69,'2026-2027 projections'!B:C,2,FALSE) -> #N/A | N69: =VLOOKUP(L69,'2026-2027 projections'!B:D,3,FALSE) -> #N/A | O69: =VLOOKUP($L69,'2026-2027 projections'!$B:$AJ,23,FALSE) -> #N/A | P69: =VLOOKUP($L69,'2026-2027 projections'!$B:$AJ,24,FALSE) -> #N/A | Q69: =VLOOKUP($L69,'2026-2027 projections'!$B:$AJ,25,FALSE) -> #N/A | R69: =VLOOKUP($L69,'2026-2027 projections'!$B:$AJ,26,FALSE) -> #N/A | S69: =VLOOKUP($L69,'2026-2027 projections'!$B:$AJ,27,FALSE) -> #N/A | T69: =VLOOKUP($L69,'2026-2027 projections'!$B:$AJ,28,FALSE) -> #N/A | U69: =VLOOKUP($L69,'2026-2027 projections'!$B:$AJ,29,FALSE) -> #N/A | V69: =VLOOKUP($L69,'2026-2027 projections'!$B:$AJ,30,FALSE) -> #N/A | W69: =VLOOKUP($L69,'2026-2027 projections'!$B:$AJ,31,FALSE) -> #N/A
A70: =A13 -> 0 | B70: =VLOOKUP($A70,'2026-2027 projections'!$B:$AJ,23,FALSE) -> #N/A | C70: =VLOOKUP($A70,'2026-2027 projections'!$B:$AJ,24,FALSE) -> #N/A | D70: =VLOOKUP($A70,'2026-2027 projections'!$B:$AJ,25,FALSE) -> #N/A | E70: =VLOOKUP($A70,'2026-2027 projections'!$B:$AJ,26,FALSE) -> #N/A | F70: =VLOOKUP($A70,'2026-2027 projections'!$B:$AJ,27,FALSE) -> #N/A | G70: =VLOOKUP($A70,'2026-2027 projections'!$B:$AJ,28,FALSE) -> #N/A | H70: =VLOOKUP($A70,'2026-2027 projections'!$B:$AJ,29,FALSE) -> #N/A | I70: =VLOOKUP($A70,'2026-2027 projections'!$B:$AJ,30,FALSE) -> #N/A | J70: =VLOOKUP($A70,'2026-2027 projections'!$B:$AJ,31,FALSE) -> #N/A | L70: Jabari Smith Jr. | M70: =VLOOKUP(L70,'2026-2027 projections'!B:C,2,FALSE) -> 107 | N70: =VLOOKUP(L70,'2026-2027 projections'!B:D,3,FALSE) -> 100 | O70: =VLOOKUP($L70,'2026-2027 projections'!$B:$AJ,23,FALSE) -> -0.89317255 | P70: =VLOOKUP($L70,'2026-2027 projections'!$B:$AJ,24,FALSE) -> -0.16084243 | Q70: =VLOOKUP($L70,'2026-2027 projections'!$B:$AJ,25,FALSE) -> 0.56062629 | R70: =VLOOKUP($L70,'2026-2027 projections'!$B:$AJ,26,FALSE) -> -0.094080012 | S70: =VLOOKUP($L70,'2026-2027 projections'!$B:$AJ,27,FALSE) -> 0.75482832 | T70: =VLOOKUP($L70,'2026-2027 projections'!$B:$AJ,28,FALSE) -> -1.0580732 | U70: =VLOOKUP($L70,'2026-2027 projections'!$B:$AJ,29,FALSE) -> -0.92871837 | V70: =VLOOKUP($L70,'2026-2027 projections'!$B:$AJ,30,FALSE) -> 0.44949769 | W70: =VLOOKUP($L70,'2026-2027 projections'!$B:$AJ,31,FALSE) -> 0.74477594
A71: =A14 -> 0 | B71: =VLOOKUP($A71,'2026-2027 projections'!$B:$AJ,23,FALSE) -> #N/A | C71: =VLOOKUP($A71,'2026-2027 projections'!$B:$AJ,24,FALSE) -> #N/A | D71: =VLOOKUP($A71,'2026-2027 projections'!$B:$AJ,25,FALSE) -> #N/A | E71: =VLOOKUP($A71,'2026-2027 projections'!$B:$AJ,26,FALSE) -> #N/A | F71: =VLOOKUP($A71,'2026-2027 projections'!$B:$AJ,27,FALSE) -> #N/A | G71: =VLOOKUP($A71,'2026-2027 projections'!$B:$AJ,28,FALSE) -> #N/A | H71: =VLOOKUP($A71,'2026-2027 projections'!$B:$AJ,29,FALSE) -> #N/A | I71: =VLOOKUP($A71,'2026-2027 projections'!$B:$AJ,30,FALSE) -> #N/A | J71: =VLOOKUP($A71,'2026-2027 projections'!$B:$AJ,31,FALSE) -> #N/A | L71: Austin Reaves | M71: =VLOOKUP(L71,'2026-2027 projections'!B:C,2,FALSE) -> 24 | N71: =VLOOKUP(L71,'2026-2027 projections'!B:D,3,FALSE) -> 21 | O71: =VLOOKUP($L71,'2026-2027 projections'!$B:$AJ,23,FALSE) -> -0.29573277 | P71: =VLOOKUP($L71,'2026-2027 projections'!$B:$AJ,24,FALSE) -> 1.933329 | Q71: =VLOOKUP($L71,'2026-2027 projections'!$B:$AJ,25,FALSE) -> 0.98148861 | R71: =VLOOKUP($L71,'2026-2027 projections'!$B:$AJ,26,FALSE) -> 1.62846 | S71: =VLOOKUP($L71,'2026-2027 projections'!$B:$AJ,27,FALSE) -> -0.45194466 | T71: =VLOOKUP($L71,'2026-2027 projections'!$B:$AJ,28,FALSE) -> 1.0588438 | U71: =VLOOKUP($L71,'2026-2027 projections'!$B:$AJ,29,FALSE) -> 0.24532183 | V71: =VLOOKUP($L71,'2026-2027 projections'!$B:$AJ,30,FALSE) -> -0.76869155 | W71: =VLOOKUP($L71,'2026-2027 projections'!$B:$AJ,31,FALSE) -> -1.5750959
A72: =A15 -> 0 | B72: =VLOOKUP($A72,'2026-2027 projections'!$B:$AJ,23,FALSE) -> #N/A | C72: =VLOOKUP($A72,'2026-2027 projections'!$B:$AJ,24,FALSE) -> #N/A | D72: =VLOOKUP($A72,'2026-2027 projections'!$B:$AJ,25,FALSE) -> #N/A | E72: =VLOOKUP($A72,'2026-2027 projections'!$B:$AJ,26,FALSE) -> #N/A | F72: =VLOOKUP($A72,'2026-2027 projections'!$B:$AJ,27,FALSE) -> #N/A | G72: =VLOOKUP($A72,'2026-2027 projections'!$B:$AJ,28,FALSE) -> #N/A | H72: =VLOOKUP($A72,'2026-2027 projections'!$B:$AJ,29,FALSE) -> #N/A | I72: =VLOOKUP($A72,'2026-2027 projections'!$B:$AJ,30,FALSE) -> #N/A | J72: =VLOOKUP($A72,'2026-2027 projections'!$B:$AJ,31,FALSE) -> #N/A | L72: Jonas Valanciunas | M72: =VLOOKUP(L72,'2026-2027 projections'!B:C,2,FALSE) -> #N/A | N72: =VLOOKUP(L72,'2026-2027 projections'!B:D,3,FALSE) -> #N/A | O72: =VLOOKUP($L72,'2026-2027 projections'!$B:$AJ,23,FALSE) -> #N/A | P72: =VLOOKUP($L72,'2026-2027 projections'!$B:$AJ,24,FALSE) -> #N/A | Q72: =VLOOKUP($L72,'2026-2027 projections'!$B:$AJ,25,FALSE) -> #N/A | R72: =VLOOKUP($L72,'2026-2027 projections'!$B:$AJ,26,FALSE) -> #N/A | S72: =VLOOKUP($L72,'2026-2027 projections'!$B:$AJ,27,FALSE) -> #N/A | T72: =VLOOKUP($L72,'2026-2027 projections'!$B:$AJ,28,FALSE) -> #N/A | U72: =VLOOKUP($L72,'2026-2027 projections'!$B:$AJ,29,FALSE) -> #N/A | V72: =VLOOKUP($L72,'2026-2027 projections'!$B:$AJ,30,FALSE) -> #N/A | W72: =VLOOKUP($L72,'2026-2027 projections'!$B:$AJ,31,FALSE) -> #N/A
A73: =A16 -> 0 | B73: =VLOOKUP($A73,'2026-2027 projections'!$B:$AJ,23,FALSE) -> #N/A | C73: =VLOOKUP($A73,'2026-2027 projections'!$B:$AJ,24,FALSE) -> #N/A | D73: =VLOOKUP($A73,'2026-2027 projections'!$B:$AJ,25,FALSE) -> #N/A | E73: =VLOOKUP($A73,'2026-2027 projections'!$B:$AJ,26,FALSE) -> #N/A | F73: =VLOOKUP($A73,'2026-2027 projections'!$B:$AJ,27,FALSE) -> #N/A | G73: =VLOOKUP($A73,'2026-2027 projections'!$B:$AJ,28,FALSE) -> #N/A | H73: =VLOOKUP($A73,'2026-2027 projections'!$B:$AJ,29,FALSE) -> #N/A | I73: =VLOOKUP($A73,'2026-2027 projections'!$B:$AJ,30,FALSE) -> #N/A | J73: =VLOOKUP($A73,'2026-2027 projections'!$B:$AJ,31,FALSE) -> #N/A | L73: Jalen Suggs | M73: =VLOOKUP(L73,'2026-2027 projections'!B:C,2,FALSE) -> 72 | N73: =VLOOKUP(L73,'2026-2027 projections'!B:D,3,FALSE) -> 0 | O73: =VLOOKUP($L73,'2026-2027 projections'!$B:$AJ,23,FALSE) -> -1.4391113 | P73: =VLOOKUP($L73,'2026-2027 projections'!$B:$AJ,24,FALSE) -> 0.73950718 | Q73: =VLOOKUP($L73,'2026-2027 projections'!$B:$AJ,25,FALSE) -> 0.56062629 | R73: =VLOOKUP($L73,'2026-2027 projections'!$B:$AJ,26,FALSE) -> -0.15086705 | S73: =VLOOKUP($L73,'2026-2027 projections'!$B:$AJ,27,FALSE) -> -0.70162183 | T73: =VLOOKUP($L73,'2026-2027 projections'!$B:$AJ,28,FALSE) -> 0.64578686 | U73: =VLOOKUP($L73,'2026-2027 projections'!$B:$AJ,29,FALSE) -> 2.0063821 | V73: =VLOOKUP($L73,'2026-2027 projections'!$B:$AJ,30,FALSE) -> 0.24646615 | W73: =VLOOKUP($L73,'2026-2027 projections'!$B:$AJ,31,FALSE) -> -1.3021698
A74: =A17 -> 0 | B74: =VLOOKUP($A74,'2026-2027 projections'!$B:$AJ,23,FALSE) -> #N/A | C74: =VLOOKUP($A74,'2026-2027 projections'!$B:$AJ,24,FALSE) -> #N/A | D74: =VLOOKUP($A74,'2026-2027 projections'!$B:$AJ,25,FALSE) -> #N/A | E74: =VLOOKUP($A74,'2026-2027 projections'!$B:$AJ,26,FALSE) -> #N/A | F74: =VLOOKUP($A74,'2026-2027 projections'!$B:$AJ,27,FALSE) -> #N/A | G74: =VLOOKUP($A74,'2026-2027 projections'!$B:$AJ,28,FALSE) -> #N/A | H74: =VLOOKUP($A74,'2026-2027 projections'!$B:$AJ,29,FALSE) -> #N/A | I74: =VLOOKUP($A74,'2026-2027 projections'!$B:$AJ,30,FALSE) -> #N/A | J74: =VLOOKUP($A74,'2026-2027 projections'!$B:$AJ,31,FALSE) -> #N/A
A75: =A18 -> 0 | B75: =VLOOKUP($A75,'2026-2027 projections'!$B:$AJ,23,FALSE) -> #N/A | C75: =VLOOKUP($A75,'2026-2027 projections'!$B:$AJ,24,FALSE) -> #N/A | D75: =VLOOKUP($A75,'2026-2027 projections'!$B:$AJ,25,FALSE) -> #N/A | E75: =VLOOKUP($A75,'2026-2027 projections'!$B:$AJ,26,FALSE) -> #N/A | F75: =VLOOKUP($A75,'2026-2027 projections'!$B:$AJ,27,FALSE) -> #N/A | G75: =VLOOKUP($A75,'2026-2027 projections'!$B:$AJ,28,FALSE) -> #N/A | H75: =VLOOKUP($A75,'2026-2027 projections'!$B:$AJ,29,FALSE) -> #N/A | I75: =VLOOKUP($A75,'2026-2027 projections'!$B:$AJ,30,FALSE) -> #N/A | J75: =VLOOKUP($A75,'2026-2027 projections'!$B:$AJ,31,FALSE) -> #N/A | L75: Rd 11-12 | M75: Fair Value | N75: LY Rank | O75: FG% | P75: FT% | Q75: 3PM | R75: PTS | S75: TREB | T75: AST | U75: STL | V75: BLK | W75: TO
A76: =A19 -> 0 | B76: =VLOOKUP($A76,'2026-2027 projections'!$B:$AJ,23,FALSE) -> #N/A | C76: =VLOOKUP($A76,'2026-2027 projections'!$B:$AJ,24,FALSE) -> #N/A | D76: =VLOOKUP($A76,'2026-2027 projections'!$B:$AJ,25,FALSE) -> #N/A | E76: =VLOOKUP($A76,'2026-2027 projections'!$B:$AJ,26,FALSE) -> #N/A | F76: =VLOOKUP($A76,'2026-2027 projections'!$B:$AJ,27,FALSE) -> #N/A | G76: =VLOOKUP($A76,'2026-2027 projections'!$B:$AJ,28,FALSE) -> #N/A | H76: =VLOOKUP($A76,'2026-2027 projections'!$B:$AJ,29,FALSE) -> #N/A | I76: =VLOOKUP($A76,'2026-2027 projections'!$B:$AJ,30,FALSE) -> #N/A | J76: =VLOOKUP($A76,'2026-2027 projections'!$B:$AJ,31,FALSE) -> #N/A | L76: Herbert Jones | M76: =VLOOKUP(L76,'2026-2027 projections'!B:C,2,FALSE) -> 155 | N76: =VLOOKUP(L76,'2026-2027 projections'!B:D,3,FALSE) -> 187 | O76: =VLOOKUP($L76,'2026-2027 projections'!$B:$AJ,23,FALSE) -> -1.2937457 | P76: =VLOOKUP($L76,'2026-2027 projections'!$B:$AJ,24,FALSE) -> 0.23157834 | Q76: =VLOOKUP($L76,'2026-2027 projections'!$B:$AJ,25,FALSE) -> -0.38631392 | R76: =VLOOKUP($L76,'2026-2027 projections'!$B:$AJ,26,FALSE) -> -1.2676787 | S76: =VLOOKUP($L76,'2026-2027 projections'!$B:$AJ,27,FALSE) -> -0.90968613 | T76: =VLOOKUP($L76,'2026-2027 projections'!$B:$AJ,28,FALSE) -> -0.38685561 | U76: =VLOOKUP($L76,'2026-2027 projections'!$B:$AJ,29,FALSE) -> 1.7128721 | V76: =VLOOKUP($L76,'2026-2027 projections'!$B:$AJ,30,FALSE) -> -0.36262847 | W76: =VLOOKUP($L76,'2026-2027 projections'!$B:$AJ,31,FALSE) -> 0.60831289
A77: =A20 -> 0 | B77: =VLOOKUP($A77,'2026-2027 projections'!$B:$AJ,23,FALSE) -> #N/A | C77: =VLOOKUP($A77,'2026-2027 projections'!$B:$AJ,24,FALSE) -> #N/A | D77: =VLOOKUP($A77,'2026-2027 projections'!$B:$AJ,25,FALSE) -> #N/A | E77: =VLOOKUP($A77,'2026-2027 projections'!$B:$AJ,26,FALSE) -> #N/A | F77: =VLOOKUP($A77,'2026-2027 projections'!$B:$AJ,27,FALSE) -> #N/A | G77: =VLOOKUP($A77,'2026-2027 projections'!$B:$AJ,28,FALSE) -> #N/A | H77: =VLOOKUP($A77,'2026-2027 projections'!$B:$AJ,29,FALSE) -> #N/A | I77: =VLOOKUP($A77,'2026-2027 projections'!$B:$AJ,30,FALSE) -> #N/A | J77: =VLOOKUP($A77,'2026-2027 projections'!$B:$AJ,31,FALSE) -> #N/A | L77: Jonathan Kuminga | M77: =VLOOKUP(L77,'2026-2027 projections'!B:C,2,FALSE) -> #N/A | N77: =VLOOKUP(L77,'2026-2027 projections'!B:D,3,FALSE) -> #N/A | O77: =VLOOKUP($L77,'2026-2027 projections'!$B:$AJ,23,FALSE) -> #N/A | P77: =VLOOKUP($L77,'2026-2027 projections'!$B:$AJ,24,FALSE) -> #N/A | Q77: =VLOOKUP($L77,'2026-2027 projections'!$B:$AJ,25,FALSE) -> #N/A | R77: =VLOOKUP($L77,'2026-2027 projections'!$B:$AJ,26,FALSE) -> #N/A | S77: =VLOOKUP($L77,'2026-2027 projections'!$B:$AJ,27,FALSE) -> #N/A | T77: =VLOOKUP($L77,'2026-2027 projections'!$B:$AJ,28,FALSE) -> #N/A | U77: =VLOOKUP($L77,'2026-2027 projections'!$B:$AJ,29,FALSE) -> #N/A | V77: =VLOOKUP($L77,'2026-2027 projections'!$B:$AJ,30,FALSE) -> #N/A | W77: =VLOOKUP($L77,'2026-2027 projections'!$B:$AJ,31,FALSE) -> #N/A
L78: Alex Caruso | M78: =VLOOKUP(L78,'2026-2027 projections'!B:C,2,FALSE) -> 160 | N78: =VLOOKUP(L78,'2026-2027 projections'!B:D,3,FALSE) -> #N/A | O78: =VLOOKUP($L78,'2026-2027 projections'!$B:$AJ,23,FALSE) -> -0.5513998 | P78: =VLOOKUP($L78,'2026-2027 projections'!$B:$AJ,24,FALSE) -> 0.017683978 | Q78: =VLOOKUP($L78,'2026-2027 projections'!$B:$AJ,25,FALSE) -> -0.59674507 | R78: =VLOOKUP($L78,'2026-2027 projections'!$B:$AJ,26,FALSE) -> -1.703046 | S78: =VLOOKUP($L78,'2026-2027 projections'!$B:$AJ,27,FALSE) -> -1.1177504 | T78: =VLOOKUP($L78,'2026-2027 projections'!$B:$AJ,28,FALSE) -> -0.64501623 | U78: =VLOOKUP($L78,'2026-2027 projections'!$B:$AJ,29,FALSE) -> 1.419362 | V78: =VLOOKUP($L78,'2026-2027 projections'!$B:$AJ,30,FALSE) -> -0.36262847 | W78: =VLOOKUP($L78,'2026-2027 projections'!$B:$AJ,31,FALSE) -> 1.4270912
L79: Collin Sexton | M79: =VLOOKUP(L79,'2026-2027 projections'!B:C,2,FALSE) -> 195 | N79: =VLOOKUP(L79,'2026-2027 projections'!B:D,3,FALSE) -> 131 | O79: =VLOOKUP($L79,'2026-2027 projections'!$B:$AJ,23,FALSE) -> -0.030062705 | P79: =VLOOKUP($L79,'2026-2027 projections'!$B:$AJ,24,FALSE) -> 0.96224353 | Q79: =VLOOKUP($L79,'2026-2027 projections'!$B:$AJ,25,FALSE) -> -0.17588276 | R79: =VLOOKUP($L79,'2026-2027 projections'!$B:$AJ,26,FALSE) -> -0.2455121 | S79: =VLOOKUP($L79,'2026-2027 projections'!$B:$AJ,27,FALSE) -> -1.4506533 | T79: =VLOOKUP($L79,'2026-2027 projections'!$B:$AJ,28,FALSE) -> -0.23195924 | U79: =VLOOKUP($L79,'2026-2027 projections'!$B:$AJ,29,FALSE) -> -0.63520832 | V79: =VLOOKUP($L79,'2026-2027 projections'!$B:$AJ,30,FALSE) -> -1.1747546 | W79: =VLOOKUP($L79,'2026-2027 projections'!$B:$AJ,31,FALSE) -> -0.2104654
B80: FG% | C80: FT% | D80: 3PM | E80: PTS | F80: TREB | G80: AST | H80: STL | I80: BLK | J80: TO | L80: Jakob Poeltl | M80: =VLOOKUP(L80,'2026-2027 projections'!B:C,2,FALSE) -> 76 | N80: =VLOOKUP(L80,'2026-2027 projections'!B:D,3,FALSE) -> 135 | O80: =VLOOKUP($L80,'2026-2027 projections'!$B:$AJ,23,FALSE) -> 2.6613498 | P80: =VLOOKUP($L80,'2026-2027 projections'!$B:$AJ,24,FALSE) -> -1.1413321 | Q80: =VLOOKUP($L80,'2026-2027 projections'!$B:$AJ,25,FALSE) -> -1.7541164 | R80: =VLOOKUP($L80,'2026-2027 projections'!$B:$AJ,26,FALSE) -> -0.66195035 | S80: =VLOOKUP($L80,'2026-2027 projections'!$B:$AJ,27,FALSE) -> 1.0461183 | T80: =VLOOKUP($L80,'2026-2027 projections'!$B:$AJ,28,FALSE) -> -0.64501623 | U80: =VLOOKUP($L80,'2026-2027 projections'!$B:$AJ,29,FALSE) -> -0.048188217 | V80: =VLOOKUP($L80,'2026-2027 projections'!$B:$AJ,30,FALSE) -> 0.65252923 | W80: =VLOOKUP($L80,'2026-2027 projections'!$B:$AJ,31,FALSE) -> 0.3353868
B81: =AVERAGEIF(B58:B72, "<>#N/A") -> 1.3737546 | C81: =AVERAGEIF(C58:C72, "<>#N/A") -> 0.64112088 | D81: =AVERAGEIF(D58:D72, "<>#N/A") -> 0.66584187 | E81: =AVERAGEIF(E58:E72, "<>#N/A") -> 1.3161313 | F81: =AVERAGEIF(F58:F72, "<>#N/A") -> 0.96289263 | G81: =AVERAGEIF(G58:G72, "<>#N/A") -> 3.2790252 | H81: =AVERAGEIF(H58:H72, "<>#N/A") -> 1.272607 | I81: =AVERAGEIF(I58:I72, "<>#N/A") -> -0.058081162 | J81: =AVERAGEIF(J58:J72, "<>#N/A") -> -0.90053813 | K81: =AVERAGE(B81:J81) -> 0.95030602 | L81: Jalen Suggs | M81: =VLOOKUP(L81,'2026-2027 projections'!B:C,2,FALSE) -> 72 | N81: =VLOOKUP(L81,'2026-2027 projections'!B:D,3,FALSE) -> 0 | O81: =VLOOKUP($L81,'2026-2027 projections'!$B:$AJ,23,FALSE) -> -1.4391113 | P81: =VLOOKUP($L81,'2026-2027 projections'!$B:$AJ,24,FALSE) -> 0.73950718 | Q81: =VLOOKUP($L81,'2026-2027 projections'!$B:$AJ,25,FALSE) -> 0.56062629 | R81: =VLOOKUP($L81,'2026-2027 projections'!$B:$AJ,26,FALSE) -> -0.15086705 | S81: =VLOOKUP($L81,'2026-2027 projections'!$B:$AJ,27,FALSE) -> -0.70162183 | T81: =VLOOKUP($L81,'2026-2027 projections'!$B:$AJ,28,FALSE) -> 0.64578686 | U81: =VLOOKUP($L81,'2026-2027 projections'!$B:$AJ,29,FALSE) -> 2.0063821 | V81: =VLOOKUP($L81,'2026-2027 projections'!$B:$AJ,30,FALSE) -> 0.24646615 | W81: =VLOOKUP($L81,'2026-2027 projections'!$B:$AJ,31,FALSE) -> -1.3021698
L82: Terry Rozier | M82: =VLOOKUP(L82,'2026-2027 projections'!B:C,2,FALSE) -> #N/A | N82: =VLOOKUP(L82,'2026-2027 projections'!B:D,3,FALSE) -> #N/A | O82: =VLOOKUP($L82,'2026-2027 projections'!$B:$AJ,23,FALSE) -> #N/A | P82: =VLOOKUP($L82,'2026-2027 projections'!$B:$AJ,24,FALSE) -> #N/A | Q82: =VLOOKUP($L82,'2026-2027 projections'!$B:$AJ,25,FALSE) -> #N/A | R82: =VLOOKUP($L82,'2026-2027 projections'!$B:$AJ,26,FALSE) -> #N/A | S82: =VLOOKUP($L82,'2026-2027 projections'!$B:$AJ,27,FALSE) -> #N/A | T82: =VLOOKUP($L82,'2026-2027 projections'!$B:$AJ,28,FALSE) -> #N/A | U82: =VLOOKUP($L82,'2026-2027 projections'!$B:$AJ,29,FALSE) -> #N/A | V82: =VLOOKUP($L82,'2026-2027 projections'!$B:$AJ,30,FALSE) -> #N/A | W82: =VLOOKUP($L82,'2026-2027 projections'!$B:$AJ,31,FALSE) -> #N/A
L83: Chris Paul | M83: =VLOOKUP(L83,'2026-2027 projections'!B:C,2,FALSE) -> #N/A | N83: =VLOOKUP(L83,'2026-2027 projections'!B:D,3,FALSE) -> #N/A | O83: =VLOOKUP($L83,'2026-2027 projections'!$B:$AJ,23,FALSE) -> #N/A | P83: =VLOOKUP($L83,'2026-2027 projections'!$B:$AJ,24,FALSE) -> #N/A | Q83: =VLOOKUP($L83,'2026-2027 projections'!$B:$AJ,25,FALSE) -> #N/A | R83: =VLOOKUP($L83,'2026-2027 projections'!$B:$AJ,26,FALSE) -> #N/A | S83: =VLOOKUP($L83,'2026-2027 projections'!$B:$AJ,27,FALSE) -> #N/A | T83: =VLOOKUP($L83,'2026-2027 projections'!$B:$AJ,28,FALSE) -> #N/A | U83: =VLOOKUP($L83,'2026-2027 projections'!$B:$AJ,29,FALSE) -> #N/A | V83: =VLOOKUP($L83,'2026-2027 projections'!$B:$AJ,30,FALSE) -> #N/A | W83: =VLOOKUP($L83,'2026-2027 projections'!$B:$AJ,31,FALSE) -> #N/A
L84: Walker Kessler | M84: =VLOOKUP(L84,'2026-2027 projections'!B:C,2,FALSE) -> 39 | N84: =VLOOKUP(L84,'2026-2027 projections'!B:D,3,FALSE) -> 11 | O84: =VLOOKUP($L84,'2026-2027 projections'!$B:$AJ,23,FALSE) -> 2.5342056 | P84: =VLOOKUP($L84,'2026-2027 projections'!$B:$AJ,24,FALSE) -> -1.9703836 | Q84: =VLOOKUP($L84,'2026-2027 projections'!$B:$AJ,25,FALSE) -> -1.2280385 | R84: =VLOOKUP($L84,'2026-2027 projections'!$B:$AJ,26,FALSE) -> -0.77552442 | S84: =VLOOKUP($L84,'2026-2027 projections'!$B:$AJ,27,FALSE) -> 2.1280527 | T84: =VLOOKUP($L84,'2026-2027 projections'!$B:$AJ,28,FALSE) -> -0.95480897 | U84: =VLOOKUP($L84,'2026-2027 projections'!$B:$AJ,29,FALSE) -> -0.92871837 | V84: =VLOOKUP($L84,'2026-2027 projections'!$B:$AJ,30,FALSE) -> 3.0889077 | W84: =VLOOKUP($L84,'2026-2027 projections'!$B:$AJ,31,FALSE) -> -0.07400235
L85: Donte Divincenzo | M85: =VLOOKUP(L85,'2026-2027 projections'!B:C,2,FALSE) -> #N/A | N85: =VLOOKUP(L85,'2026-2027 projections'!B:D,3,FALSE) -> #N/A | O85: =VLOOKUP($L85,'2026-2027 projections'!$B:$AJ,23,FALSE) -> #N/A | P85: =VLOOKUP($L85,'2026-2027 projections'!$B:$AJ,24,FALSE) -> #N/A | Q85: =VLOOKUP($L85,'2026-2027 projections'!$B:$AJ,25,FALSE) -> #N/A | R85: =VLOOKUP($L85,'2026-2027 projections'!$B:$AJ,26,FALSE) -> #N/A | S85: =VLOOKUP($L85,'2026-2027 projections'!$B:$AJ,27,FALSE) -> #N/A | T85: =VLOOKUP($L85,'2026-2027 projections'!$B:$AJ,28,FALSE) -> #N/A | U85: =VLOOKUP($L85,'2026-2027 projections'!$B:$AJ,29,FALSE) -> #N/A | V85: =VLOOKUP($L85,'2026-2027 projections'!$B:$AJ,30,FALSE) -> #N/A | W85: =VLOOKUP($L85,'2026-2027 projections'!$B:$AJ,31,FALSE) -> #N/A
A86: Player | B86: FG% | C86: FT% | D86: 3PM | E86: PTS | F86: TREB | G86: AST | H86: STL | I86: BLK | J86: TO | L86: Naz Reid | M86: =VLOOKUP(L86,'2026-2027 projections'!B:C,2,FALSE) -> 62 | N86: =VLOOKUP(L86,'2026-2027 projections'!B:D,3,FALSE) -> 97 | O86: =VLOOKUP($L86,'2026-2027 projections'!$B:$AJ,23,FALSE) -> -0.76602837 | P86: =VLOOKUP($L86,'2026-2027 projections'!$B:$AJ,24,FALSE) -> -0.31228066 | Q86: =VLOOKUP($L86,'2026-2027 projections'!$B:$AJ,25,FALSE) -> 0.87627303 | R86: =VLOOKUP($L86,'2026-2027 projections'!$B:$AJ,26,FALSE) -> 0.038423068 | S86: =VLOOKUP($L86,'2026-2027 projections'!$B:$AJ,27,FALSE) -> 0.58837687 | T86: =VLOOKUP($L86,'2026-2027 projections'!$B:$AJ,28,FALSE) -> -0.54175198 | U86: =VLOOKUP($L86,'2026-2027 projections'!$B:$AJ,29,FALSE) -> -0.048188217 | V86: =VLOOKUP($L86,'2026-2027 projections'!$B:$AJ,30,FALSE) -> 0.85556077 | W86: =VLOOKUP($L86,'2026-2027 projections'!$B:$AJ,31,FALSE) -> 0.19892375
A87: =A2 -> Nikola Jokic | B87: =VLOOKUP($A87,'2026-2027 projections'!$B:$AJ,23,FALSE) -> 3.0692222 | C87: =VLOOKUP($A87,'2026-2027 projections'!$B:$AJ,24,FALSE) -> 0.67648884 | D87: =VLOOKUP($A87,'2026-2027 projections'!$B:$AJ,25,FALSE) -> 0.13976398 | E87: =VLOOKUP($A87,'2026-2027 projections'!$B:$AJ,26,FALSE) -> 2.3666915 | F87: =VLOOKUP($A87,'2026-2027 projections'!$B:$AJ,27,FALSE) -> 2.9186971 | G87: =VLOOKUP($A87,'2026-2027 projections'!$B:$AJ,28,FALSE) -> 3.4855537 | H87: =VLOOKUP($A87,'2026-2027 projections'!$B:$AJ,29,FALSE) -> 1.7128721 | I87: =VLOOKUP($A87,'2026-2027 projections'!$B:$AJ,30,FALSE) -> 0.043434608 | J87: =VLOOKUP($A87,'2026-2027 projections'!$B:$AJ,31,FALSE) -> -2 | L87: Klay Thompson | M87: =VLOOKUP(L87,'2026-2027 projections'!B:C,2,FALSE) -> #N/A | N87: =VLOOKUP(L87,'2026-2027 projections'!B:D,3,FALSE) -> #N/A | O87: =VLOOKUP($L87,'2026-2027 projections'!$B:$AJ,23,FALSE) -> #N/A | P87: =VLOOKUP($L87,'2026-2027 projections'!$B:$AJ,24,FALSE) -> #N/A | Q87: =VLOOKUP($L87,'2026-2027 projections'!$B:$AJ,25,FALSE) -> #N/A | R87: =VLOOKUP($L87,'2026-2027 projections'!$B:$AJ,26,FALSE) -> #N/A | S87: =VLOOKUP($L87,'2026-2027 projections'!$B:$AJ,27,FALSE) -> #N/A | T87: =VLOOKUP($L87,'2026-2027 projections'!$B:$AJ,28,FALSE) -> #N/A | U87: =VLOOKUP($L87,'2026-2027 projections'!$B:$AJ,29,FALSE) -> #N/A | V87: =VLOOKUP($L87,'2026-2027 projections'!$B:$AJ,30,FALSE) -> #N/A | W87: =VLOOKUP($L87,'2026-2027 projections'!$B:$AJ,31,FALSE) -> #N/A
A88: =A3 -> Tyrese Haliburton | B88: =VLOOKUP($A88,'2026-2027 projections'!$B:$AJ,23,FALSE) -> -0.32171307 | C88: =VLOOKUP($A88,'2026-2027 projections'!$B:$AJ,24,FALSE) -> 0.60575292 | D88: =VLOOKUP($A88,'2026-2027 projections'!$B:$AJ,25,FALSE) -> 1.1919198 | E88: =VLOOKUP($A88,'2026-2027 projections'!$B:$AJ,26,FALSE) -> 0.2655712 | F88: =VLOOKUP($A88,'2026-2027 projections'!$B:$AJ,27,FALSE) -> -0.99291185 | G88: =VLOOKUP($A88,'2026-2027 projections'!$B:$AJ,28,FALSE) -> 3.0724967 | H88: =VLOOKUP($A88,'2026-2027 projections'!$B:$AJ,29,FALSE) -> 0.83234193 | I88: =VLOOKUP($A88,'2026-2027 projections'!$B:$AJ,30,FALSE) -> -0.15959693 | J88: =VLOOKUP($A88,'2026-2027 projections'!$B:$AJ,31,FALSE) -> 0.19892375 | L88: Dereck Lively II | M88: =VLOOKUP(L88,'2026-2027 projections'!B:C,2,FALSE) -> 164 | N88: =VLOOKUP(L88,'2026-2027 projections'!B:D,3,FALSE) -> 166 | O88: =VLOOKUP($L88,'2026-2027 projections'!$B:$AJ,23,FALSE) -> 1.7973209 | P88: =VLOOKUP($L88,'2026-2027 projections'!$B:$AJ,24,FALSE) -> -1.1501741 | Q88: =VLOOKUP($L88,'2026-2027 projections'!$B:$AJ,25,FALSE) -> -1.7541164 | R88: =VLOOKUP($L88,'2026-2027 projections'!$B:$AJ,26,FALSE) -> -1.6273299 | S88: =VLOOKUP($L88,'2026-2027 projections'!$B:$AJ,27,FALSE) -> 0.33869971 | T88: =VLOOKUP($L88,'2026-2027 projections'!$B:$AJ,28,FALSE) -> -0.7999126 | U88: =VLOOKUP($L88,'2026-2027 projections'!$B:$AJ,29,FALSE) -> -1.5157385 | V88: =VLOOKUP($L88,'2026-2027 projections'!$B:$AJ,30,FALSE) -> 1.4646554 | W88: =VLOOKUP($L88,'2026-2027 projections'!$B:$AJ,31,FALSE) -> 1.017702
A89: =A4 -> 0 | B89: =VLOOKUP($A89,'2026-2027 projections'!$B:$AJ,23,FALSE) -> #N/A | C89: =VLOOKUP($A89,'2026-2027 projections'!$B:$AJ,24,FALSE) -> #N/A | D89: =VLOOKUP($A89,'2026-2027 projections'!$B:$AJ,25,FALSE) -> #N/A | E89: =VLOOKUP($A89,'2026-2027 projections'!$B:$AJ,26,FALSE) -> #N/A | F89: =VLOOKUP($A89,'2026-2027 projections'!$B:$AJ,27,FALSE) -> #N/A | G89: =VLOOKUP($A89,'2026-2027 projections'!$B:$AJ,28,FALSE) -> #N/A | H89: =VLOOKUP($A89,'2026-2027 projections'!$B:$AJ,29,FALSE) -> #N/A | I89: =VLOOKUP($A89,'2026-2027 projections'!$B:$AJ,30,FALSE) -> #N/A | J89: =VLOOKUP($A89,'2026-2027 projections'!$B:$AJ,31,FALSE) -> #N/A | L89: Clint Capela | M89: =VLOOKUP(L89,'2026-2027 projections'!B:C,2,FALSE) -> #N/A | N89: =VLOOKUP(L89,'2026-2027 projections'!B:D,3,FALSE) -> #N/A | O89: =VLOOKUP($L89,'2026-2027 projections'!$B:$AJ,23,FALSE) -> #N/A | P89: =VLOOKUP($L89,'2026-2027 projections'!$B:$AJ,24,FALSE) -> #N/A | Q89: =VLOOKUP($L89,'2026-2027 projections'!$B:$AJ,25,FALSE) -> #N/A | R89: =VLOOKUP($L89,'2026-2027 projections'!$B:$AJ,26,FALSE) -> #N/A | S89: =VLOOKUP($L89,'2026-2027 projections'!$B:$AJ,27,FALSE) -> #N/A | T89: =VLOOKUP($L89,'2026-2027 projections'!$B:$AJ,28,FALSE) -> #N/A | U89: =VLOOKUP($L89,'2026-2027 projections'!$B:$AJ,29,FALSE) -> #N/A | V89: =VLOOKUP($L89,'2026-2027 projections'!$B:$AJ,30,FALSE) -> #N/A | W89: =VLOOKUP($L89,'2026-2027 projections'!$B:$AJ,31,FALSE) -> #N/A
A90: =A5 -> 0 | B90: =VLOOKUP($A90,'2026-2027 projections'!$B:$AJ,23,FALSE) -> #N/A | C90: =VLOOKUP($A90,'2026-2027 projections'!$B:$AJ,24,FALSE) -> #N/A | D90: =VLOOKUP($A90,'2026-2027 projections'!$B:$AJ,25,FALSE) -> #N/A | E90: =VLOOKUP($A90,'2026-2027 projections'!$B:$AJ,26,FALSE) -> #N/A | F90: =VLOOKUP($A90,'2026-2027 projections'!$B:$AJ,27,FALSE) -> #N/A | G90: =VLOOKUP($A90,'2026-2027 projections'!$B:$AJ,28,FALSE) -> #N/A | H90: =VLOOKUP($A90,'2026-2027 projections'!$B:$AJ,29,FALSE) -> #N/A | I90: =VLOOKUP($A90,'2026-2027 projections'!$B:$AJ,30,FALSE) -> #N/A | J90: =VLOOKUP($A90,'2026-2027 projections'!$B:$AJ,31,FALSE) -> #N/A | L90: Josh Hart | M90: =VLOOKUP(L90,'2026-2027 projections'!B:C,2,FALSE) -> 80 | N90: =VLOOKUP(L90,'2026-2027 projections'!B:D,3,FALSE) -> 92 | O90: =VLOOKUP($L90,'2026-2027 projections'!$B:$AJ,23,FALSE) -> 0.38235166 | P90: =VLOOKUP($L90,'2026-2027 projections'!$B:$AJ,24,FALSE) -> -0.51733303 | Q90: =VLOOKUP($L90,'2026-2027 projections'!$B:$AJ,25,FALSE) -> -0.49152949 | R90: =VLOOKUP($L90,'2026-2027 projections'!$B:$AJ,26,FALSE) -> -0.7376664 | S90: =VLOOKUP($L90,'2026-2027 projections'!$B:$AJ,27,FALSE) -> 0.96289263 | T90: =VLOOKUP($L90,'2026-2027 projections'!$B:$AJ,28,FALSE) -> 0.69741898 | U90: =VLOOKUP($L90,'2026-2027 projections'!$B:$AJ,29,FALSE) -> 0.83234193 | V90: =VLOOKUP($L90,'2026-2027 projections'!$B:$AJ,30,FALSE) -> -0.76869155 | W90: =VLOOKUP($L90,'2026-2027 projections'!$B:$AJ,31,FALSE) -> -0.07400235
A91: =A6 -> 0 | B91: =VLOOKUP($A91,'2026-2027 projections'!$B:$AJ,23,FALSE) -> #N/A | C91: =VLOOKUP($A91,'2026-2027 projections'!$B:$AJ,24,FALSE) -> #N/A | D91: =VLOOKUP($A91,'2026-2027 projections'!$B:$AJ,25,FALSE) -> #N/A | E91: =VLOOKUP($A91,'2026-2027 projections'!$B:$AJ,26,FALSE) -> #N/A | F91: =VLOOKUP($A91,'2026-2027 projections'!$B:$AJ,27,FALSE) -> #N/A | G91: =VLOOKUP($A91,'2026-2027 projections'!$B:$AJ,28,FALSE) -> #N/A | H91: =VLOOKUP($A91,'2026-2027 projections'!$B:$AJ,29,FALSE) -> #N/A | I91: =VLOOKUP($A91,'2026-2027 projections'!$B:$AJ,30,FALSE) -> #N/A | J91: =VLOOKUP($A91,'2026-2027 projections'!$B:$AJ,31,FALSE) -> #N/A | L91: Jerami Grant | M91: =VLOOKUP(L91,'2026-2027 projections'!B:C,2,FALSE) -> 180 | N91: =VLOOKUP(L91,'2026-2027 projections'!B:D,3,FALSE) -> 120 | O91: =VLOOKUP($L91,'2026-2027 projections'!$B:$AJ,23,FALSE) -> -1.0900392 | P91: =VLOOKUP($L91,'2026-2027 projections'!$B:$AJ,24,FALSE) -> 0.48968265 | Q91: =VLOOKUP($L91,'2026-2027 projections'!$B:$AJ,25,FALSE) -> 0.35019514 | R91: =VLOOKUP($L91,'2026-2027 projections'!$B:$AJ,26,FALSE) -> -0.018363966 | S91: =VLOOKUP($L91,'2026-2027 projections'!$B:$AJ,27,FALSE) -> -0.95129899 | T91: =VLOOKUP($L91,'2026-2027 projections'!$B:$AJ,28,FALSE) -> -0.90317685 | U91: =VLOOKUP($L91,'2026-2027 projections'!$B:$AJ,29,FALSE) -> -0.92871837 | V91: =VLOOKUP($L91,'2026-2027 projections'!$B:$AJ,30,FALSE) -> 0.043434608 | W91: =VLOOKUP($L91,'2026-2027 projections'!$B:$AJ,31,FALSE) -> 0.47184985
A92: =A7 -> 0 | B92: =VLOOKUP($A92,'2026-2027 projections'!$B:$AJ,23,FALSE) -> #N/A | C92: =VLOOKUP($A92,'2026-2027 projections'!$B:$AJ,24,FALSE) -> #N/A | D92: =VLOOKUP($A92,'2026-2027 projections'!$B:$AJ,25,FALSE) -> #N/A | E92: =VLOOKUP($A92,'2026-2027 projections'!$B:$AJ,26,FALSE) -> #N/A | F92: =VLOOKUP($A92,'2026-2027 projections'!$B:$AJ,27,FALSE) -> #N/A | G92: =VLOOKUP($A92,'2026-2027 projections'!$B:$AJ,28,FALSE) -> #N/A | H92: =VLOOKUP($A92,'2026-2027 projections'!$B:$AJ,29,FALSE) -> #N/A | I92: =VLOOKUP($A92,'2026-2027 projections'!$B:$AJ,30,FALSE) -> #N/A | J92: =VLOOKUP($A92,'2026-2027 projections'!$B:$AJ,31,FALSE) -> #N/A | L92: Tyus Jones | M92: =VLOOKUP(L92,'2026-2027 projections'!B:C,2,FALSE) -> #N/A | N92: =VLOOKUP(L92,'2026-2027 projections'!B:D,3,FALSE) -> #N/A | O92: =VLOOKUP($L92,'2026-2027 projections'!$B:$AJ,23,FALSE) -> #N/A | P92: =VLOOKUP($L92,'2026-2027 projections'!$B:$AJ,24,FALSE) -> #N/A | Q92: =VLOOKUP($L92,'2026-2027 projections'!$B:$AJ,25,FALSE) -> #N/A | R92: =VLOOKUP($L92,'2026-2027 projections'!$B:$AJ,26,FALSE) -> #N/A | S92: =VLOOKUP($L92,'2026-2027 projections'!$B:$AJ,27,FALSE) -> #N/A | T92: =VLOOKUP($L92,'2026-2027 projections'!$B:$AJ,28,FALSE) -> #N/A | U92: =VLOOKUP($L92,'2026-2027 projections'!$B:$AJ,29,FALSE) -> #N/A | V92: =VLOOKUP($L92,'2026-2027 projections'!$B:$AJ,30,FALSE) -> #N/A | W92: =VLOOKUP($L92,'2026-2027 projections'!$B:$AJ,31,FALSE) -> #N/A
A93: =A8 -> 0 | B93: =VLOOKUP($A93,'2026-2027 projections'!$B:$AJ,23,FALSE) -> #N/A | C93: =VLOOKUP($A93,'2026-2027 projections'!$B:$AJ,24,FALSE) -> #N/A | D93: =VLOOKUP($A93,'2026-2027 projections'!$B:$AJ,25,FALSE) -> #N/A | E93: =VLOOKUP($A93,'2026-2027 projections'!$B:$AJ,26,FALSE) -> #N/A | F93: =VLOOKUP($A93,'2026-2027 projections'!$B:$AJ,27,FALSE) -> #N/A | G93: =VLOOKUP($A93,'2026-2027 projections'!$B:$AJ,28,FALSE) -> #N/A | H93: =VLOOKUP($A93,'2026-2027 projections'!$B:$AJ,29,FALSE) -> #N/A | I93: =VLOOKUP($A93,'2026-2027 projections'!$B:$AJ,30,FALSE) -> #N/A | J93: =VLOOKUP($A93,'2026-2027 projections'!$B:$AJ,31,FALSE) -> #N/A
A94: =A9 -> 0 | B94: =VLOOKUP($A94,'2026-2027 projections'!$B:$AJ,23,FALSE) -> #N/A | C94: =VLOOKUP($A94,'2026-2027 projections'!$B:$AJ,24,FALSE) -> #N/A | D94: =VLOOKUP($A94,'2026-2027 projections'!$B:$AJ,25,FALSE) -> #N/A | E94: =VLOOKUP($A94,'2026-2027 projections'!$B:$AJ,26,FALSE) -> #N/A | F94: =VLOOKUP($A94,'2026-2027 projections'!$B:$AJ,27,FALSE) -> #N/A | G94: =VLOOKUP($A94,'2026-2027 projections'!$B:$AJ,28,FALSE) -> #N/A | H94: =VLOOKUP($A94,'2026-2027 projections'!$B:$AJ,29,FALSE) -> #N/A | I94: =VLOOKUP($A94,'2026-2027 projections'!$B:$AJ,30,FALSE) -> #N/A | J94: =VLOOKUP($A94,'2026-2027 projections'!$B:$AJ,31,FALSE) -> #N/A
A95: =A10 -> 0 | B95: =VLOOKUP($A95,'2026-2027 projections'!$B:$AJ,23,FALSE) -> #N/A | C95: =VLOOKUP($A95,'2026-2027 projections'!$B:$AJ,24,FALSE) -> #N/A | D95: =VLOOKUP($A95,'2026-2027 projections'!$B:$AJ,25,FALSE) -> #N/A | E95: =VLOOKUP($A95,'2026-2027 projections'!$B:$AJ,26,FALSE) -> #N/A | F95: =VLOOKUP($A95,'2026-2027 projections'!$B:$AJ,27,FALSE) -> #N/A | G95: =VLOOKUP($A95,'2026-2027 projections'!$B:$AJ,28,FALSE) -> #N/A | H95: =VLOOKUP($A95,'2026-2027 projections'!$B:$AJ,29,FALSE) -> #N/A | I95: =VLOOKUP($A95,'2026-2027 projections'!$B:$AJ,30,FALSE) -> #N/A | J95: =VLOOKUP($A95,'2026-2027 projections'!$B:$AJ,31,FALSE) -> #N/A | L95: Rd 13-14 | M95: Fair Value | N95: LY Rank | O95: FG% | P95: FT% | Q95: 3PM | R95: PTS | S95: TREB | T95: AST | U95: STL | V95: BLK | W95: TO
A96: =A11 -> 0 | B96: =VLOOKUP($A96,'2026-2027 projections'!$B:$AJ,23,FALSE) -> #N/A | C96: =VLOOKUP($A96,'2026-2027 projections'!$B:$AJ,24,FALSE) -> #N/A | D96: =VLOOKUP($A96,'2026-2027 projections'!$B:$AJ,25,FALSE) -> #N/A | E96: =VLOOKUP($A96,'2026-2027 projections'!$B:$AJ,26,FALSE) -> #N/A | F96: =VLOOKUP($A96,'2026-2027 projections'!$B:$AJ,27,FALSE) -> #N/A | G96: =VLOOKUP($A96,'2026-2027 projections'!$B:$AJ,28,FALSE) -> #N/A | H96: =VLOOKUP($A96,'2026-2027 projections'!$B:$AJ,29,FALSE) -> #N/A | I96: =VLOOKUP($A96,'2026-2027 projections'!$B:$AJ,30,FALSE) -> #N/A | J96: =VLOOKUP($A96,'2026-2027 projections'!$B:$AJ,31,FALSE) -> #N/A | L96: Brandin Podziemski | M96: =VLOOKUP(L96,'2026-2027 projections'!B:C,2,FALSE) -> 105 | N96: =VLOOKUP(L96,'2026-2027 projections'!B:D,3,FALSE) -> 126 | O96: =VLOOKUP($L96,'2026-2027 projections'!$B:$AJ,23,FALSE) -> -0.73458699 | P96: =VLOOKUP($L96,'2026-2027 projections'!$B:$AJ,24,FALSE) -> -0.23214055 | Q96: =VLOOKUP($L96,'2026-2027 projections'!$B:$AJ,25,FALSE) -> 0.45541071 | R96: =VLOOKUP($L96,'2026-2027 projections'!$B:$AJ,26,FALSE) -> -0.26444111 | S96: =VLOOKUP($L96,'2026-2027 projections'!$B:$AJ,27,FALSE) -> 0.047409678 | T96: =VLOOKUP($L96,'2026-2027 projections'!$B:$AJ,28,FALSE) -> 0.23272987 | U96: =VLOOKUP($L96,'2026-2027 projections'!$B:$AJ,29,FALSE) -> 0.53883188 | V96: =VLOOKUP($L96,'2026-2027 projections'!$B:$AJ,30,FALSE) -> -0.97172309 | W96: =VLOOKUP($L96,'2026-2027 projections'!$B:$AJ,31,FALSE) -> 0.3353868
A97: =A12 -> 0 | B97: =VLOOKUP($A97,'2026-2027 projections'!$B:$AJ,23,FALSE) -> #N/A | C97: =VLOOKUP($A97,'2026-2027 projections'!$B:$AJ,24,FALSE) -> #N/A | D97: =VLOOKUP($A97,'2026-2027 projections'!$B:$AJ,25,FALSE) -> #N/A | E97: =VLOOKUP($A97,'2026-2027 projections'!$B:$AJ,26,FALSE) -> #N/A | F97: =VLOOKUP($A97,'2026-2027 projections'!$B:$AJ,27,FALSE) -> #N/A | G97: =VLOOKUP($A97,'2026-2027 projections'!$B:$AJ,28,FALSE) -> #N/A | H97: =VLOOKUP($A97,'2026-2027 projections'!$B:$AJ,29,FALSE) -> #N/A | I97: =VLOOKUP($A97,'2026-2027 projections'!$B:$AJ,30,FALSE) -> #N/A | J97: =VLOOKUP($A97,'2026-2027 projections'!$B:$AJ,31,FALSE) -> #N/A | L97: Zach Edey | M97: =VLOOKUP(L97,'2026-2027 projections'!B:C,2,FALSE) -> 34 | N97: =VLOOKUP(L97,'2026-2027 projections'!B:D,3,FALSE) -> 29 | O97: =VLOOKUP($L97,'2026-2027 projections'!$B:$AJ,23,FALSE) -> 2.2042742 | P97: =VLOOKUP($L97,'2026-2027 projections'!$B:$AJ,24,FALSE) -> -0.15200044 | Q97: =VLOOKUP($L97,'2026-2027 projections'!$B:$AJ,25,FALSE) -> -1.4384697 | R97: =VLOOKUP($L97,'2026-2027 projections'!$B:$AJ,26,FALSE) -> -0.49158925 | S97: =VLOOKUP($L97,'2026-2027 projections'!$B:$AJ,27,FALSE) -> 1.9199884 | T97: =VLOOKUP($L97,'2026-2027 projections'!$B:$AJ,28,FALSE) -> -1.2646017 | U97: =VLOOKUP($L97,'2026-2027 projections'!$B:$AJ,29,FALSE) -> -0.92871837 | V97: =VLOOKUP($L97,'2026-2027 projections'!$B:$AJ,30,FALSE) -> 2.2767815 | W97: =VLOOKUP($L97,'2026-2027 projections'!$B:$AJ,31,FALSE) -> 0.062460699
A98: =A13 -> 0 | B98: =VLOOKUP($A98,'2026-2027 projections'!$B:$AJ,23,FALSE) -> #N/A | C98: =VLOOKUP($A98,'2026-2027 projections'!$B:$AJ,24,FALSE) -> #N/A | D98: =VLOOKUP($A98,'2026-2027 projections'!$B:$AJ,25,FALSE) -> #N/A | E98: =VLOOKUP($A98,'2026-2027 projections'!$B:$AJ,26,FALSE) -> #N/A | F98: =VLOOKUP($A98,'2026-2027 projections'!$B:$AJ,27,FALSE) -> #N/A | G98: =VLOOKUP($A98,'2026-2027 projections'!$B:$AJ,28,FALSE) -> #N/A | H98: =VLOOKUP($A98,'2026-2027 projections'!$B:$AJ,29,FALSE) -> #N/A | I98: =VLOOKUP($A98,'2026-2027 projections'!$B:$AJ,30,FALSE) -> #N/A | J98: =VLOOKUP($A98,'2026-2027 projections'!$B:$AJ,31,FALSE) -> #N/A | L98: Cameron Johnson | M98: =VLOOKUP(L98,'2026-2027 projections'!B:C,2,FALSE) -> 79 | N98: =VLOOKUP(L98,'2026-2027 projections'!B:D,3,FALSE) -> 156 | O98: =VLOOKUP($L98,'2026-2027 projections'!$B:$AJ,23,FALSE) -> -0.017302332 | P98: =VLOOKUP($L98,'2026-2027 projections'!$B:$AJ,24,FALSE) -> 1.0959978 | Q98: =VLOOKUP($L98,'2026-2027 projections'!$B:$AJ,25,FALSE) -> 0.77105745 | R98: =VLOOKUP($L98,'2026-2027 projections'!$B:$AJ,26,FALSE) -> -0.056221989 | S98: =VLOOKUP($L98,'2026-2027 projections'!$B:$AJ,27,FALSE) -> -0.66000896 | T98: =VLOOKUP($L98,'2026-2027 projections'!$B:$AJ,28,FALSE) -> -0.38685561 | U98: =VLOOKUP($L98,'2026-2027 projections'!$B:$AJ,29,FALSE) -> -0.63520832 | V98: =VLOOKUP($L98,'2026-2027 projections'!$B:$AJ,30,FALSE) -> -0.56566001 | W98: =VLOOKUP($L98,'2026-2027 projections'!$B:$AJ,31,FALSE) -> 0.74477594
A99: =A14 -> 0 | B99: =VLOOKUP($A99,'2026-2027 projections'!$B:$AJ,23,FALSE) -> #N/A | C99: =VLOOKUP($A99,'2026-2027 projections'!$B:$AJ,24,FALSE) -> #N/A | D99: =VLOOKUP($A99,'2026-2027 projections'!$B:$AJ,25,FALSE) -> #N/A | E99: =VLOOKUP($A99,'2026-2027 projections'!$B:$AJ,26,FALSE) -> #N/A | F99: =VLOOKUP($A99,'2026-2027 projections'!$B:$AJ,27,FALSE) -> #N/A | G99: =VLOOKUP($A99,'2026-2027 projections'!$B:$AJ,28,FALSE) -> #N/A | H99: =VLOOKUP($A99,'2026-2027 projections'!$B:$AJ,29,FALSE) -> #N/A | I99: =VLOOKUP($A99,'2026-2027 projections'!$B:$AJ,30,FALSE) -> #N/A | J99: =VLOOKUP($A99,'2026-2027 projections'!$B:$AJ,31,FALSE) -> #N/A | L99: Deni Avdija | M99: =VLOOKUP(L99,'2026-2027 projections'!B:C,2,FALSE) -> 116 | N99: =VLOOKUP(L99,'2026-2027 projections'!B:D,3,FALSE) -> 35 | O99: =VLOOKUP($L99,'2026-2027 projections'!$B:$AJ,23,FALSE) -> -0.40419595 | P99: =VLOOKUP($L99,'2026-2027 projections'!$B:$AJ,24,FALSE) -> -0.018808393 | Q99: =VLOOKUP($L99,'2026-2027 projections'!$B:$AJ,25,FALSE) -> 0.034548399 | R99: =VLOOKUP($L99,'2026-2027 projections'!$B:$AJ,26,FALSE) -> 0.70093847 | S99: =VLOOKUP($L99,'2026-2027 projections'!$B:$AJ,27,FALSE) -> 0.46353829 | T99: =VLOOKUP($L99,'2026-2027 projections'!$B:$AJ,28,FALSE) -> 0.69741898 | U99: =VLOOKUP($L99,'2026-2027 projections'!$B:$AJ,29,FALSE) -> -0.34169827 | V99: =VLOOKUP($L99,'2026-2027 projections'!$B:$AJ,30,FALSE) -> -0.36262847 | W99: =VLOOKUP($L99,'2026-2027 projections'!$B:$AJ,31,FALSE) -> -1.7115589
A100: =A15 -> 0 | B100: =VLOOKUP($A100,'2026-2027 projections'!$B:$AJ,23,FALSE) -> #N/A | C100: =VLOOKUP($A100,'2026-2027 projections'!$B:$AJ,24,FALSE) -> #N/A | D100: =VLOOKUP($A100,'2026-2027 projections'!$B:$AJ,25,FALSE) -> #N/A | E100: =VLOOKUP($A100,'2026-2027 projections'!$B:$AJ,26,FALSE) -> #N/A | F100: =VLOOKUP($A100,'2026-2027 projections'!$B:$AJ,27,FALSE) -> #N/A | G100: =VLOOKUP($A100,'2026-2027 projections'!$B:$AJ,28,FALSE) -> #N/A | H100: =VLOOKUP($A100,'2026-2027 projections'!$B:$AJ,29,FALSE) -> #N/A | I100: =VLOOKUP($A100,'2026-2027 projections'!$B:$AJ,30,FALSE) -> #N/A | J100: =VLOOKUP($A100,'2026-2027 projections'!$B:$AJ,31,FALSE) -> #N/A | L100: Josh Hart | M100: =VLOOKUP(L100,'2026-2027 projections'!B:C,2,FALSE) -> 80 | N100: =VLOOKUP(L100,'2026-2027 projections'!B:D,3,FALSE) -> 92 | O100: =VLOOKUP($L100,'2026-2027 projections'!$B:$AJ,23,FALSE) -> 0.38235166 | P100: =VLOOKUP($L100,'2026-2027 projections'!$B:$AJ,24,FALSE) -> -0.51733303 | Q100: =VLOOKUP($L100,'2026-2027 projections'!$B:$AJ,25,FALSE) -> -0.49152949 | R100: =VLOOKUP($L100,'2026-2027 projections'!$B:$AJ,26,FALSE) -> -0.7376664 | S100: =VLOOKUP($L100,'2026-2027 projections'!$B:$AJ,27,FALSE) -> 0.96289263 | T100: =VLOOKUP($L100,'2026-2027 projections'!$B:$AJ,28,FALSE) -> 0.69741898 | U100: =VLOOKUP($L100,'2026-2027 projections'!$B:$AJ,29,FALSE) -> 0.83234193 | V100: =VLOOKUP($L100,'2026-2027 projections'!$B:$AJ,30,FALSE) -> -0.76869155 | W100: =VLOOKUP($L100,'2026-2027 projections'!$B:$AJ,31,FALSE) -> -0.07400235
A101: =A16 -> 0 | B101: =VLOOKUP($A101,'2026-2027 projections'!$B:$AJ,23,FALSE) -> #N/A | C101: =VLOOKUP($A101,'2026-2027 projections'!$B:$AJ,24,FALSE) -> #N/A | D101: =VLOOKUP($A101,'2026-2027 projections'!$B:$AJ,25,FALSE) -> #N/A | E101: =VLOOKUP($A101,'2026-2027 projections'!$B:$AJ,26,FALSE) -> #N/A | F101: =VLOOKUP($A101,'2026-2027 projections'!$B:$AJ,27,FALSE) -> #N/A | G101: =VLOOKUP($A101,'2026-2027 projections'!$B:$AJ,28,FALSE) -> #N/A | H101: =VLOOKUP($A101,'2026-2027 projections'!$B:$AJ,29,FALSE) -> #N/A | I101: =VLOOKUP($A101,'2026-2027 projections'!$B:$AJ,30,FALSE) -> #N/A | J101: =VLOOKUP($A101,'2026-2027 projections'!$B:$AJ,31,FALSE) -> #N/A | L101: P.J. Washington Jr. | M101: =VLOOKUP(L101,'2026-2027 projections'!B:C,2,FALSE) -> #N/A | N101: =VLOOKUP(L101,'2026-2027 projections'!B:D,3,FALSE) -> #N/A | O101: =VLOOKUP($L101,'2026-2027 projections'!$B:$AJ,23,FALSE) -> #N/A | P101: =VLOOKUP($L101,'2026-2027 projections'!$B:$AJ,24,FALSE) -> #N/A | Q101: =VLOOKUP($L101,'2026-2027 projections'!$B:$AJ,25,FALSE) -> #N/A | R101: =VLOOKUP($L101,'2026-2027 projections'!$B:$AJ,26,FALSE) -> #N/A | S101: =VLOOKUP($L101,'2026-2027 projections'!$B:$AJ,27,FALSE) -> #N/A | T101: =VLOOKUP($L101,'2026-2027 projections'!$B:$AJ,28,FALSE) -> #N/A | U101: =VLOOKUP($L101,'2026-2027 projections'!$B:$AJ,29,FALSE) -> #N/A | V101: =VLOOKUP($L101,'2026-2027 projections'!$B:$AJ,30,FALSE) -> #N/A | W101: =VLOOKUP($L101,'2026-2027 projections'!$B:$AJ,31,FALSE) -> #N/A
A102: =A17 -> 0 | B102: =VLOOKUP($A102,'2026-2027 projections'!$B:$AJ,23,FALSE) -> #N/A | C102: =VLOOKUP($A102,'2026-2027 projections'!$B:$AJ,24,FALSE) -> #N/A | D102: =VLOOKUP($A102,'2026-2027 projections'!$B:$AJ,25,FALSE) -> #N/A | E102: =VLOOKUP($A102,'2026-2027 projections'!$B:$AJ,26,FALSE) -> #N/A | F102: =VLOOKUP($A102,'2026-2027 projections'!$B:$AJ,27,FALSE) -> #N/A | G102: =VLOOKUP($A102,'2026-2027 projections'!$B:$AJ,28,FALSE) -> #N/A | H102: =VLOOKUP($A102,'2026-2027 projections'!$B:$AJ,29,FALSE) -> #N/A | I102: =VLOOKUP($A102,'2026-2027 projections'!$B:$AJ,30,FALSE) -> #N/A | J102: =VLOOKUP($A102,'2026-2027 projections'!$B:$AJ,31,FALSE) -> #N/A | L102: Norman Powell | M102: =VLOOKUP(L102,'2026-2027 projections'!B:C,2,FALSE) -> 94 | N102: =VLOOKUP(L102,'2026-2027 projections'!B:D,3,FALSE) -> 74 | O102: =VLOOKUP($L102,'2026-2027 projections'!$B:$AJ,23,FALSE) -> -0.25791121 | P102: =VLOOKUP($L102,'2026-2027 projections'!$B:$AJ,24,FALSE) -> 0.56982276 | Q102: =VLOOKUP($L102,'2026-2027 projections'!$B:$AJ,25,FALSE) -> 1.0867042 | R102: =VLOOKUP($L102,'2026-2027 projections'!$B:$AJ,26,FALSE) -> 0.94701561 | S102: =VLOOKUP($L102,'2026-2027 projections'!$B:$AJ,27,FALSE) -> -1.0345247 | T102: =VLOOKUP($L102,'2026-2027 projections'!$B:$AJ,28,FALSE) -> -0.74828048 | U102: =VLOOKUP($L102,'2026-2027 projections'!$B:$AJ,29,FALSE) -> 0.24532183 | V102: =VLOOKUP($L102,'2026-2027 projections'!$B:$AJ,30,FALSE) -> -0.97172309 | W102: =VLOOKUP($L102,'2026-2027 projections'!$B:$AJ,31,FALSE) -> 0.062460699
...

Sheet 2026-2027 means
A1: FGM | B1: FGA | C1: FTM | D1: FTA | E1: FG% | F1: FT% | G1: 3PM | H1: PTS | I1: TREB | J1: AST | K1: STL | L1: BLK | M1: TO | N1: FGM_stdev | O1: FGA_stdev | P1: FTM_stdev | Q1: FTA_stdev | R1: FG%_stdev | S1: FT%_stdev | T1: 3PM_stdev | U1: PTS_stdev | V1: TREB_stdev | W1: AST_stdev | X1: STL_stdev | Y1: BLK_stdev | Z1: TO_stdev
A2: =AVERAGE('2026-2027 projections'!R:R) -> 5.7721393 | B2: =AVERAGE('2026-2027 projections'!S:S) -> 11.958706 | C2: =AVERAGE('2026-2027 projections'!U:U) -> 2.6900498 | D2: =AVERAGE('2026-2027 projections'!V:V) -> 3.3840796 | E2: =A2/B2 -> 0.48267255 | F2: =C2/D2 -> 0.79491326 | G2: =AVERAGE('2026-2027 projections'!J:J) -> 1.6671642 | H2: =AVERAGE('2026-2027 projections'!K:K) -> 15.897015 | I2: =AVERAGE('2026-2027 projections'!L:L) -> 5.6860697 | J2: =AVERAGE('2026-2027 projections'!M:M) -> 3.6492537 | K2: =AVERAGE('2026-2027 projections'!N:N) -> 1.0164179 | L2: =AVERAGE('2026-2027 projections'!O:O) -> 0.67860697 | M2: =AVERAGE('2026-2027 projections'!P:P) -> 1.8457711 | N2: =STDEV('2026-2027 projections'!R:R) -> 1.7948593 | O2: =STDEV('2026-2027 projections'!S:S) -> 3.857115 | P2: =STDEV('2026-2027 projections'!U:U) -> 1.4813509 | Q2: =STDEV('2026-2027 projections'!V:V) -> 1.7994569 | R2: 0.02271 | S2: 0.085 | T2: =STDEV('2026-2027 projections'!J:J) -> 0.9504296 | U2: =STDEV('2026-2027 projections'!K:K) -> 5.2828961 | V2: =STDEV('2026-2027 projections'!L:L) -> 2.4031032 | W2: =STDEV('2026-2027 projections'!M:M) -> 1.9367788 | X2: =STDEV('2026-2027 projections'!N:N) -> 0.34070384 | Y2: =STDEV('2026-2027 projections'!O:O) -> 0.49253431 | Z2: =STDEV('2026-2027 projections'!P:P) -> 0.7327991

Sheet 2026-2027 projections
A1: Projected Rank | B1: PLAYER | C1: Projected Rank | D1: LY Rank | E1: ADP | F1: Delta | G1: Do not draft | H1: FG% | I1: FT% | J1: 3PM | K1: PTS | L1: TREB | M1: AST | N1: STL | O1: BLK | P1: TO | Q1: TOTAL | R1: FGM | S1: FGA | T1: FGpct | U1: FTM | V1: FTA | W1: FTpct | X1: FG%_stdev | Y1: FT%_stdev | Z1: 3PM_stdev | AA1: PTS_stdev | AB1: TREB_stdev | AC1: AST_stdev | AD1: STL_stdev | AE1: BLK_stdev | AF1: TO_stdev | AG1: Plus_categories | AH1: Negative Categories | AI1: Percentage | AJ1: Stregnths | AK1: Weakness | AL1: Excellent | AM1: Good | AN1: Above Average | AO1: Below Average | AP1: LY Rank | AQ1: MYTOTAL | AR1: MYRANK
A2: =C2 -> 1 | B2: Nikola Jokic | C2: =AR2 -> 1 | D2: =AP2 -> 1 | E2: =VLOOKUP(B2,'2026-2027 adp'!A:C,3,FALSE) -> 1.5 | F2: =E2-A2 -> 0.5 | H2: 0.579(10.9/18.9) | I2: 0.808(4.9/6.0) | J2: 1.8 | K2: 28.4 | L2: 12.7 | M2: 10.4 | N2: 1.6 | O2: 0.7 | P2: 3.5 | Q2: 15.89 | R2: 10.5 | S2: 18.3 | T2: =R2/S2 -> 0.57377049 | U2: 5.6 | V2: 6.8 | W2: =U2/V2 -> 0.82352941 | X2: =IF(((T2 - '2026-2027 means'!E$2) / '2026-2027 means'!R$2) * (S2 / '2026-2027 means'!B$2) / 2 < -2, -2, ((T2 - '2026-2027 means'!E$2) / '2026-2027 means'!R$2) * (S2 / '2026-2027 means'!B$2) / 2) -> 3.0692222 | Y2: =IF(((W2 - '2026-2027 means'!F$2) / '2026-2027 means'!S$2) * (V2 / '2026-2027 means'!D$2) < -2, -2, ((W2 - '2026-2027 means'!F$2) / '2026-2027 means'!S$2) * (V2 / '2026-2027 means'!D$2)) -> 0.67648884 | Z2: =(J2-'2026-2027 means'!G$2)/'2026-2027 means'!T$2 -> 0.13976398 | AA2: =(K2-'2026-2027 means'!H$2)/'2026-2027 means'!U$2 -> 2.3666915 | AB2: =(L2-'2026-2027 means'!I$2)/'2026-2027 means'!V$2 -> 2.9186971 | AC2: =(M2-'2026-2027 means'!J$2)/'2026-2027 means'!W$2 -> 3.4855537 | AD2: =(N2-'2026-2027 means'!K$2)/'2026-2027 means'!X$2 -> 1.7128721 | AE2: =(O2-'2026-2027 means'!L$2)/'2026-2027 means'!Y$2 -> 0.043434608 | AF2: =IF(((P2 - '2026-2027 means'!M$2) / '2026-2027 means'!Z$2 * -1) < -2, -2, (P2 - '2026-2027 means'!M$2) / '2026-2027 means'!Z$2 * -1) -> -2 | AG2: =IF(((Q2 - '2026-2027 means'!N$2) / '2026-2027 means'!AA$2 * -1) < -2, -2, (Q2 - '2026-2027 means'!N$2) / '2026-2027 means'!AA$2 * -1) -> #DIV/0! | AH2: =IF(((R2 - '2026-2027 means'!O$2) / '2026-2027 means'!AB$2 * -1) < -2, -2, (R2 - '2026-2027 means'!O$2) / '2026-2027 means'!AB$2 * -1) -> #DIV/0! | AI2: =IF(((S2 - '2026-2027 means'!P$2) / '2026-2027 means'!AC$2 * -1) < -2, -2, (S2 - '2026-2027 means'!P$2) / '2026-2027 means'!AC$2 * -1) -> #DIV/0! | AJ2: =IF(((T2 - '2026-2027 means'!Q$2) / '2026-2027 means'!AD$2 * -1) < -2, -2, (T2 - '2026-2027 means'!Q$2) / '2026-2027 means'!AD$2 * -1) -> #DIV/0! | AK2: =IF(((U2 - '2026-2027 means'!R$2) / '2026-2027 means'!AE$2 * -1) < -2, -2, (U2 - '2026-2027 means'!R$2) / '2026-2027 means'!AE$2 * -1) -> #DIV/0! | AL2: =IF(((V2 - '2026-2027 means'!S$2) / '2026-2027 means'!AF$2 * -1) < -2, -2, (V2 - '2026-2027 means'!S$2) / '2026-2027 means'!AF$2 * -1) -> #DIV/0! | AM2: =IF(((W2 - '2026-2027 means'!T$2) / '2026-2027 means'!AG$2 * -1) < -2, -2, (W2 - '2026-2027 means'!T$2) / '2026-2027 means'!AG$2 * -1) -> #DIV/0! | ... AO2: =IF(((Y2 - '2026-2027 means'!V$2) / '2026-2027 means'!AI$2 * -1) < -2, -2, (Y2 - '2026-2027 means'!V$2) / '2026-2027 means'!AI$2 * -1) -> #DIV/0! | AP2: =VLOOKUP(B2,'2025-2026 actuals'!B:Q,16,FALSE) -> 1 | AQ2: =SUM(X2:AF2) -> 12.412724 | AR2: =RANK(AQ2,AQ:AQ) -> 1
A3: =C3 -> 3 | B3: Victor Wembanyama | C3: =AR3 -> 3 | D3: =AP3 -> 2 | E3: =VLOOKUP(B3,'2026-2027 adp'!A:C,3,FALSE) -> 1.9 | F3: =E3-A3 -> -1.1 | H3: 0.527(11.1/21.0) | I3: 0.886(7.8/8.8) | J3: 2.2 | K3: 25.6 | L3: 11.8 | M3: 3.6 | N3: 1.1 | O3: 3.2 | P3: 2.9 | Q3: 14.22 | R3: 9.2 | S3: 18.3 | T3: =R3/S3 -> 0.50273224 | U3: 5.1 | V3: 6.1 | W3: =U3/V3 -> 0.83606557 | X3: =IF(((T3 - '2026-2027 means'!E$2) / '2026-2027 means'!R$2) * (S3 / '2026-2027 means'!B$2) / 2 < -2, -2, ((T3 - '2026-2027 means'!E$2) / '2026-2027 means'!R$2) * (S3 / '2026-2027 means'!B$2) / 2) -> 0.67584026 | Y3: =IF(((W3 - '2026-2027 means'!F$2) / '2026-2027 means'!S$2) * (V3 / '2026-2027 means'!D$2) < -2, -2, ((W3 - '2026-2027 means'!F$2) / '2026-2027 means'!S$2) * (V3 / '2026-2027 means'!D$2)) -> 0.87269922 | Z3: =(J3-'2026-2027 means'!G$2)/'2026-2027 means'!T$2 -> 0.56062629 | AA3: =(K3-'2026-2027 means'!H$2)/'2026-2027 means'!U$2 -> 1.8366791 | AB3: =(L3-'2026-2027 means'!I$2)/'2026-2027 means'!V$2 -> 2.5441814 | AC3: =(M3-'2026-2027 means'!J$2)/'2026-2027 means'!W$2 -> -0.025430747 | AD3: =(N3-'2026-2027 means'!K$2)/'2026-2027 means'!X$2 -> 0.24532183 | AE3: =(O3-'2026-2027 means'!L$2)/'2026-2027 means'!Y$2 -> 5.1192231 | AF3: =IF(((P3 - '2026-2027 means'!M$2) / '2026-2027 means'!Z$2 * -1) < -2, -2, (P3 - '2026-2027 means'!M$2) / '2026-2027 means'!Z$2 * -1) -> -1.4386328 | AG3: =COUNTIFS(X3:AE3,">="&1) -> 3 | AH3: =COUNTIFS(X3:AE3,"<="&-0.25) -> 0 | AI3: =AG3/AH3 -> #DIV/0! | AJ3: =_xlfn.CONCAT(AL3,AM3,AN3) -> #NAME? | AK3: =AO3 -> , AST, TO | AL3: =IF(X3>2, "FG%", "") & IF(Y3>2, ", FT%", "") & IF(Z3>2, ", 3PM", "") & IF(AA3>2, ", PTS", "") & IF(AB3>2, ", TREB", "") & IF(AC3>2, ", AST", "") & IF(AD3>2, ", STL", "") & IF(AE3>2, ", BLK", "") & IF(AF3>2, ", TO", "") -> , TREB, BLK | AM3: =IF(AND(X3>=1, X3<2), "FG%", "") & IF(AND(Y3>=1, Y3<2), IF(X3="", "FT%", ", FT%"), "") & IF(AND(Z3>=1, Z3<2), IF(OR(X3="", Y3=""), "3PM", ", 3PM"), "") & IF(AND(AA3>=1, AA3<2), IF(OR(X3="", Y3="", Z3=""), "PTS", ", PTS"), "") & IF(AND(AB3>=1, AB3<2), IF(OR(X3="", Y3="", Z3="", AA3=""), "TREB", ", TREB"), "") & IF(AND(AC3>=1, AC3<2), IF(OR(X3="", Y3="", Z3="", AA3="", AB3=""), "AST", ", AST"), "") & IF(AND(AD3>=1, AD3<2), IF(OR(X3="", Y3="", Z3="", AA3="", AB3="", AC3=""), "STL", ", STL"), "") & IF(AND(AE3>=1, AE3<2), IF(OR(X3="", Y3="", Z3="", AA3="", AB3="", AC3="", AD3=""), "BLK", ", BLK"), "") & IF(AND(AF3>=1, AF3<2), IF(OR(X3="", Y3="", Z3="", AA3="", AB3="", AC3="", AD3="", AE3=""), "TO", ", TO"), "") -> , PTS | AN3: =IF(AND(X3>=0, X3<1), "FG%", "") & IF(AND(Y3>=0, Y3<1), IF(X3="", "FT%", ", FT%"), "") & IF(AND(Z3>=0, Z3<1), IF(AND(X3="", Y3=""), "3PM", ", 3PM"), "") & IF(AND(AA3>=0, AA3<1), IF(AND(X3="", Y3="", Z3=""), "PTS", ", PTS"), "") & IF(AND(AB3>=0, AB3<1), IF(AND(X3="", Y3="", Z3="", AA3=""), "TREB", ", TREB"), "") & IF(AND(AC3>=0, AC3<1), IF(AND(X3="", Y3="", Z3="", AA3="", AB3=""), "AST", ", AST"), "") & IF(AND(AD3>=0, AD3<1), IF(AND(X3="", Y3="", Z3="", AA3="", AB3="", AC3=""), "STL", ", STL"), "") & IF(AND(AE3>=0, AE3<1), IF(AND(X3="", Y3="", Z3="", AA3="", AB3="", AC3="", AD3=""), "BLK", ", BLK"), "") & IF(AND(AF3>=0, AF3<1), IF(AND(X3="", Y3="", Z3="", AA3="", AB3="", AC3="", AD3="", AE3=""), "TO", ", TO"), "") -> FG%, FT%, 3PM, STL | AO3: =IF(X3<0, "FG%", "") & IF(Y3<0, IF(X3="", "FT%", ", FT%"), "") & IF(Z3<0, IF(AND(X3="", Y3=""), "3PM", ", 3PM"), "") & IF(AA3<0, IF(AND(X3="", Y3="", Z3=""), "PTS", ", PTS"), "") & IF(AB3<0, IF(AND(X3="", Y3="", Z3="", AA3=""), "TREB", ", TREB"), "") & IF(AC3<0, IF(AND(X3="", Y3="", Z3="", AA3="", AB3=""), "AST", ", AST"), "") & IF(AD3<0, IF(AND(X3="", Y3="", Z3="", AA3="", AB3="", AC3=""), "STL", ", STL"), "") & IF(AE3<0, IF(AND(X3="", Y3="", Z3="", AA3="", AB3="", AC3="", AD3=""), "BLK", ", BLK"), "") & IF(AF3<0, IF(AND(X3="", Y3="", Z3="", AA3="", AB3="", AC3="", AD3="", AE3=""), "TO", ", TO"), "") -> , AST, TO | AP3: =VLOOKUP(B3,'2025-2026 actuals'!B:Q,16,FALSE) -> 2 | AQ3: =SUM(X3:AF3) -> 10.390508 | AR3: =RANK(AQ3,AQ:AQ) -> 3
A4: =C4 -> 2 | B4: Shai Gilgeous-Alexander | C4: =AR4 -> 2 | D4: =AP4 -> 3 | E4: =VLOOKUP(B4,'2026-2027 adp'!A:C,3,FALSE) -> 3.9 | F4: =E4-A4 -> 1.9 | H4: 0.470(8.6/18.4) | I4: 0.827(4.1/5.0) | J4: 1.9 | K4: 32.1 | L4: 4.7 | M4: 6.5 | N4: 1.6 | O4: 0.9 | P4: 2.3 | Q4: 14.07 | R4: 11.1 | S4: 20.7 | T4: =R4/S4 -> 0.53623188 | U4: 8 | V4: 8.9 | W4: =U4/V4 -> 0.8988764 | X4: =IF(((T4 - '2026-2027 means'!E$2) / '2026-2027 means'!R$2) * (S4 / '2026-2027 means'!B$2) / 2 < -2, -2, ((T4 - '2026-2027 means'!E$2) / '2026-2027 means'!R$2) * (S4 / '2026-2027 means'!B$2) / 2) -> 2.0411466 | Y4: =IF(((W4 - '2026-2027 means'!F$2) / '2026-2027 means'!S$2) * (V4 / '2026-2027 means'!D$2) < -2, -2, ((W4 - '2026-2027 means'!F$2) / '2026-2027 means'!S$2) * (V4 / '2026-2027 means'!D$2)) -> 3.2166952 | Z4: =(J4-'2026-2027 means'!G$2)/'2026-2027 means'!T$2 -> 0.24497956 | AA4: =(K4-'2026-2027 means'!H$2)/'2026-2027 means'!U$2 -> 3.0670649 | AB4: =(L4-'2026-2027 means'!I$2)/'2026-2027 means'!V$2 -> -0.4103318 | AC4: =(M4-'2026-2027 means'!J$2)/'2026-2027 means'!W$2 -> 1.4719008 | AD4: =(N4-'2026-2027 means'!K$2)/'2026-2027 means'!X$2 -> 1.7128721 | AE4: =(O4-'2026-2027 means'!L$2)/'2026-2027 means'!Y$2 -> 0.44949769 | AF4: =IF(((P4 - '2026-2027 means'!M$2) / '2026-2027 means'!Z$2 * -1) < -2, -2, (P4 - '2026-2027 means'!M$2) / '2026-2027 means'!Z$2 * -1) -> -0.61985455 | AG4: =COUNTIFS(X4:AE4,">="&1) -> 5 | AH4: =COUNTIFS(X4:AE4,"<="&-0.25) -> 1 | AI4: =AG4/AH4 -> 5 | AJ4: =_xlfn.CONCAT(AL4,AM4,AN4) -> #NAME? | AK4: =AO4 -> , TREB, TO | AL4: =IF(X4>2, "FG%", "") & IF(Y4>2, ", FT%", "") & IF(Z4>2, ", 3PM", "") & IF(AA4>2, ", PTS", "") & IF(AB4>2, ", TREB", "") & IF(AC4>2, ", AST", "") & IF(AD4>2, ", STL", "") & IF(AE4>2, ", BLK", "") & IF(AF4>2, ", TO", "") -> FG%, FT%, PTS | AM4: =IF(AND(X4>=1, X4<2), "FG%", "") & IF(AND(Y4>=1, Y4<2), IF(X4="", "FT%", ", FT%"), "") & IF(AND(Z4>=1, Z4<2), IF(OR(X4="", Y4=""), "3PM", ", 3PM"), "") & IF(AND(AA4>=1, AA4<2), IF(OR(X4="", Y4="", Z4=""), "PTS", ", PTS"), "") & IF(AND(AB4>=1, AB4<2), IF(OR(X4="", Y4="", Z4="", AA4=""), "TREB", ", TREB"), "") & IF(AND(AC4>=1, AC4<2), IF(OR(X4="", Y4="", Z4="", AA4="", AB4=""), "AST", ", AST"), "") & IF(AND(AD4>=1, AD4<2), IF(OR(X4="", Y4="", Z4="", AA4="", AB4="", AC4=""), "STL", ", STL"), "") & IF(AND(AE4>=1, AE4<2), IF(OR(X4="", Y4="", Z4="", AA4="", AB4="", AC4="", AD4=""), "BLK", ", BLK"), "") & IF(AND(AF4>=1, AF4<2), IF(OR(X4="", Y4="", Z4="", AA4="", AB4="", AC4="", AD4="", AE4=""), "TO", ", TO"), "") -> , AST, STL | AN4: =IF(AND(X4>=0, X4<1), "FG%", "") & IF(AND(Y4>=0, Y4<1), IF(X4="", "FT%", ", FT%"), "") & IF(AND(Z4>=0, Z4<1), IF(AND(X4="", Y4=""), "3PM", ", 3PM"), "") & IF(AND(AA4>=0, AA4<1), IF(AND(X4="", Y4="", Z4=""), "PTS", ", PTS"), "") & IF(AND(AB4>=0, AB4<1), IF(AND(X4="", Y4="", Z4="", AA4=""), "TREB", ", TREB"), "") & IF(AND(AC4>=0, AC4<1), IF(AND(X4="", Y4="", Z4="", AA4="", AB4=""), "AST", ", AST"), "") & IF(AND(AD4>=0, AD4<1), IF(AND(X4="", Y4="", Z4="", AA4="", AB4="", AC4=""), "STL", ", STL"), "") & IF(AND(AE4>=0, AE4<1), IF(AND(X4="", Y4="", Z4="", AA4="", AB4="", AC4="", AD4=""), "BLK", ", BLK"), "") & IF(AND(AF4>=0, AF4<1), IF(AND(X4="", Y4="", Z4="", AA4="", AB4="", AC4="", AD4="", AE4=""), "TO", ", TO"), "") -> , 3PM, BLK | AO4: =IF(X4<0, "FG%", "") & IF(Y4<0, IF(X4="", "FT%", ", FT%"), "") & IF(Z4<0, IF(AND(X4="", Y4=""), "3PM", ", 3PM"), "") & IF(AA4<0, IF(AND(X4="", Y4="", Z4=""), "PTS", ", PTS"), "") & IF(AB4<0, IF(AND(X4="", Y4="", Z4="", AA4=""), "TREB", ", TREB"), "") & IF(AC4<0, IF(AND(X4="", Y4="", Z4="", AA4="", AB4=""), "AST", ", AST"), "") & IF(AD4<0, IF(AND(X4="", Y4="", Z4="", AA4="", AB4="", AC4=""), "STL", ", STL"), "") & IF(AE4<0, IF(AND(X4="", Y4="", Z4="", AA4="", AB4="", AC4="", AD4=""), "BLK", ", BLK"), "") & IF(AF4<0, IF(AND(X4="", Y4="", Z4="", AA4="", AB4="", AC4="", AD4="", AE4=""), "TO", ", TO"), "") -> , TREB, TO | AP4: =VLOOKUP(B4,'2025-2026 actuals'!B:Q,16,FALSE) -> 3 | AQ4: =SUM(X4:AF4) -> 11.173971 | AR4: =RANK(AQ4,AQ:AQ) -> 2
A5: =C5 -> 4 | B5: Luka Doncic | C5: =AR5 -> 4 | D5: =AP5 -> 5 | E5: =VLOOKUP(B5,'2026-2027 adp'!A:C,3,FALSE) -> 3.4 | F5: =E5-A5 -> -0.6 | H5: 0.473(10.4/22.0) | I5: 0.785(6.5/8.3) | J5: 4.1 | K5: 33.6 | L5: 8.7 | M5: 9.1 | N5: 1.7 | O5: 0.5 | P5: 4 | Q5: 11.48 | R5: 11 | S5: 23.5 | T5: =R5/S5 -> 0.46808511 | U5: 7.5 | V5: 9.6 | W5: =U5/V5 -> 0.78125 | X5: =IF(((T5 - '2026-2027 means'!E$2) / '2026-2027 means'!R$2) * (S5 / '2026-2027 means'!B$2) / 2 < -2, -2, ((T5 - '2026-2027 means'!E$2) / '2026-2027 means'!R$2) * (S5 / '2026-2027 means'!B$2) / 2) -> -0.63112533 | Y5: =IF(((W5 - '2026-2027 means'!F$2) / '2026-2027 means'!S$2) * (V5 / '2026-2027 means'!D$2) < -2, -2, ((W5 - '2026-2027 means'!F$2) / '2026-2027 means'!S$2) * (V5 / '2026-2027 means'!D$2)) -> -0.45600132 | Z5: =(J5-'2026-2027 means'!G$2)/'2026-2027 means'!T$2 -> 2.5597223 | AA5: =(K5-'2026-2027 means'!H$2)/'2026-2027 means'!U$2 -> 3.3510001 | AB5: =(L5-'2026-2027 means'!I$2)/'2026-2027 means'!V$2 -> 1.2541827 | AC5: =(M5-'2026-2027 means'!J$2)/'2026-2027 means'!W$2 -> 2.8143361 | AD5: =(N5-'2026-2027 means'!K$2)/'2026-2027 means'!X$2 -> 2.0063821 | AE5: =(O5-'2026-2027 means'!L$2)/'2026-2027 means'!Y$2 -> -0.36262847 | AF5: =IF(((P5 - '2026-2027 means'!M$2) / '2026-2027 means'!Z$2 * -1) < -2, -2, (P5 - '2026-2027 means'!M$2) / '2026-2027 means'!Z$2 * -1) -> -2 | AG5: =COUNTIFS(X5:AE5,">="&1) -> 5 | AH5: =COUNTIFS(X5:AE5,"<="&-0.25) -> 3 | AI5: =AG5/AH5 -> 1.6666667 | AJ5: =_xlfn.CONCAT(AL5,AM5,AN5) -> #NAME? | AK5: =AO5 -> FG%, FT%, BLK, TO | AL5: =IF(X5>2, "FG%", "") & IF(Y5>2, ", FT%", "") & IF(Z5>2, ", 3PM", "") & IF(AA5>2, ", PTS", "") & IF(AB5>2, ", TREB", "") & IF(AC5>2, ", AST", "") & IF(AD5>2, ", STL", "") & IF(AE5>2, ", BLK", "") & IF(AF5>2, ", TO", "") -> , 3PM, PTS, AST, STL | AM5: =IF(AND(X5>=1, X5<2), "FG%", "") & IF(AND(Y5>=1, Y5<2), IF(X5="", "FT%", ", FT%"), "") & IF(AND(Z5>=1, Z5<2), IF(OR(X5="", Y5=""), "3PM", ", 3PM"), "") & IF(AND(AA5>=1, AA5<2), IF(OR(X5="", Y5="", Z5=""), "PTS", ", PTS"), "") & IF(AND(AB5>=1, AB5<2), IF(OR(X5="", Y5="", Z5="", AA5=""), "TREB", ", TREB"), "") & IF(AND(AC5>=1, AC5<2), IF(OR(X5="", Y5="", Z5="", AA5="", AB5=""), "AST", ", AST"), "") & IF(AND(AD5>=1, AD5<2), IF(OR(X5="", Y5="", Z5="", AA5="", AB5="", AC5=""), "STL", ", STL"), "") & IF(AND(AE5>=1, AE5<2), IF(OR(X5="", Y5="", Z5="", AA5="", AB5="", AC5="", AD5=""), "BLK", ", BLK"), "") & IF(AND(AF5>=1, AF5<2), IF(OR(X5="", Y5="", Z5="", AA5="", AB5="", AC5="", AD5="", AE5=""), "TO", ", TO"), "") -> , TREB | AN5: =IF(AND(X5>=0, X5<1), "FG%", "") & IF(AND(Y5>=0, Y5<1), IF(X5="", "FT%", ", FT%"), "") & IF(AND(Z5>=0, Z5<1), IF(AND(X5="", Y5=""), "3PM", ", 3PM"), "") & IF(AND(AA5>=0, AA5<1), IF(AND(X5="", Y5="", Z5=""), "PTS", ", PTS"), "") & IF(AND(AB5>=0, AB5<1), IF(AND(X5="", Y5="", Z5="", AA5=""), "TREB", ", TREB"), "") & IF(AND(AC5>=0, AC5<1), IF(AND(X5="", Y5="", Z5="", AA5="", AB5=""), "AST", ", AST"), "") & IF(AND(AD5>=0, AD5<1), IF(AND(X5="", Y5="", Z5="", AA5="", AB5="", AC5=""), "STL", ", STL"), "") & IF(AND(AE5>=0, AE5<1), IF(AND(X5="", Y5="", Z5="", AA5="", AB5="", AC5="", AD5=""), "BLK", ", BLK"), "") & IF(AND(AF5>=0, AF5<1), IF(AND(X5="", Y5="", Z5="", AA5="", AB5="", AC5="", AD5="", AE5=""), "TO", ", TO"), "") | AO5: =IF(X5<0, "FG%", "") & IF(Y5<0, IF(X5="", "FT%", ", FT%"), "") & IF(Z5<0, IF(AND(X5="", Y5=""), "3PM", ", 3PM"), "") & IF(AA5<0, IF(AND(X5="", Y5="", Z5=""), "PTS", ", PTS"), "") & IF(AB5<0, IF(AND(X5="", Y5="", Z5="", AA5=""), "TREB", ", TREB"), "") & IF(AC5<0, IF(AND(X5="", Y5="", Z5="", AA5="", AB5=""), "AST", ", AST"), "") & IF(AD5<0, IF(AND(X5="", Y5="", Z5="", AA5="", AB5="", AC5=""), "STL", ", STL"), "") & IF(AE5<0, IF(AND(X5="", Y5="", Z5="", AA5="", AB5="", AC5="", AD5=""), "BLK", ", BLK"), "") & IF(AF5<0, IF(AND(X5="", Y5="", Z5="", AA5="", AB5="", AC5="", AD5="", AE5=""), "TO", ", TO"), "") -> FG%, FT%, BLK, TO | AP5: =VLOOKUP(B5,'2025-2026 actuals'!B:Q,16,FALSE) -> 5 | AQ5: =SUM(X5:AF5) -> 8.5358681 | AR5: =RANK(AQ5,AQ:AQ) -> 4
A6: =C6 -> 5 | B6: Giannis Antetokounmpo | C6: =AR6 -> 5 | D6: =AP6 -> 18 | E6: =VLOOKUP(B6,'2026-2027 adp'!A:C,3,FALSE) -> 6.4 | F6: =E6-A6 -> 1.4 | H6: 0.607(12.0/19.8) | I6: 0.633(6.8/10.8) | J6: 0.3 | K6: 31.4 | L6: 11.9 | M6: 6.5 | N6: 1 | O6: 1.1 | P6: 3.3 | Q6: 10.24 | R6: 12.1 | S6: 19.9 | T6: =R6/S6 -> 0.6080402 | U6: 6.9 | V6: 11 | W6: =U6/V6 -> 0.62727273 | X6: =IF(((T6 - '2026-2027 means'!E$2) / '2026-2027 means'!R$2) * (S6 / '2026-2027 means'!B$2) / 2 < -2, -2, ((T6 - '2026-2027 means'!E$2) / '2026-2027 means'!R$2) * (S6 / '2026-2027 means'!B$2) / 2) -> 4.5931142 | Y6: =IF(((W6 - '2026-2027 means'!F$2) / '2026-2027 means'!S$2) * (V6 / '2026-2027 means'!D$2) < -2, -2, ((W6 - '2026-2027 means'!F$2) / '2026-2027 means'!S$2) * (V6 / '2026-2027 means'!D$2)) -> -2 | Z6: =(J6-'2026-2027 means'!G$2)/'2026-2027 means'!T$2 -> -1.4384697 | AA6: =(K6-'2026-2027 means'!H$2)/'2026-2027 means'!U$2 -> 2.9345618 | AB6: =(L6-'2026-2027 means'!I$2)/'2026-2027 means'!V$2 -> 2.5857942 | AC6: =(M6-'2026-2027 means'!J$2)/'2026-2027 means'!W$2 -> 1.4719008 | AD6: =(N6-'2026-2027 means'!K$2)/'2026-2027 means'!X$2 -> -0.048188217 | AE6: =(O6-'2026-2027 means'!L$2)/'2026-2027 means'!Y$2 -> 0.85556077 | AF6: =IF(((P6 - '2026-2027 means'!M$2) / '2026-2027 means'!Z$2 * -1) < -2, -2, (P6 - '2026-2027 means'!M$2) / '2026-2027 means'!Z$2 * -1) -> -1.984485 | AG6: =COUNTIFS(X6:AE6,">="&1) -> 4 | AH6: =COUNTIFS(X6:AE6,"<="&-0.25) -> 2 | AI6: =AG6/AH6 -> 2 | AJ6: =_xlfn.CONCAT(AL6,AM6,AN6) -> #NAME? | AK6: =AO6 -> , FT%, 3PM, STL, TO | AL6: =IF(X6>2, "FG%", "") & IF(Y6>2, ", FT%", "") & IF(Z6>2, ", 3PM", "") & IF(AA6>2, ", PTS", "") & IF(AB6>2, ", TREB", "") & IF(AC6>2, ", AST", "") & IF(AD6>2, ", STL", "") & IF(AE6>2, ", BLK", "") & IF(AF6>2, ", TO", "") -> FG%, PTS, TREB | AM6: =IF(AND(X6>=1, X6<2), "FG%", "") & IF(AND(Y6>=1, Y6<2), IF(X6="", "FT%", ", FT%"), "") & IF(AND(Z6>=1, Z6<2), IF(OR(X6="", Y6=""), "3PM", ", 3PM"), "") & IF(AND(AA6>=1, AA6<2), IF(OR(X6="", Y6="", Z6=""), "PTS", ", PTS"), "") & IF(AND(AB6>=1, AB6<2), IF(OR(X6="", Y6="", Z6="", AA6=""), "TREB", ", TREB"), "") & IF(AND(AC6>=1, AC6<2), IF(OR(X6="", Y6="", Z6="", AA6="", AB6=""), "AST", ", AST"), "") & IF(AND(AD6>=1, AD6<2), IF(OR(X6="", Y6="", Z6="", AA6="", AB6="", AC6=""), "STL", ", STL"), "") & IF(AND(AE6>=1, AE6<2), IF(OR(X6="", Y6="", Z6="", AA6="", AB6="", AC6="", AD6=""), "BLK", ", BLK"), "") & IF(AND(AF6>=1, AF6<2), IF(OR(X6="", Y6="", Z6="", AA6="", AB6="", AC6="", AD6="", AE6=""), "TO", ", TO"), "") -> , AST | AN6: =IF(AND(X6>=0, X6<1), "FG%", "") & IF(AND(Y6>=0, Y6<1), IF(X6="", "FT%", ", FT%"), "") & IF(AND(Z6>=0, Z6<1), IF(AND(X6="", Y6=""), "3PM", ", 3PM"), "") & IF(AND(AA6>=0, AA6<1), IF(AND(X6="", Y6="", Z6=""), "PTS", ", PTS"), "") & IF(AND(AB6>=0, AB6<1), IF(AND(X6="", Y6="", Z6="", AA6=""), "TREB", ", TREB"), "") & IF(AND(AC6>=0, AC6<1), IF(AND(X6="", Y6="", Z6="", AA6="", AB6=""), "AST", ", AST"), "") & IF(AND(AD6>=0, AD6<1), IF(AND(X6="", Y6="", Z6="", AA6="", AB6="", AC6=""), "STL", ", STL"), "") & IF(AND(AE6>=0, AE6<1), IF(AND(X6="", Y6="", Z6="", AA6="", AB6="", AC6="", AD6=""), "BLK", ", BLK"), "") & IF(AND(AF6>=0, AF6<1), IF(AND(X6="", Y6="", Z6="", AA6="", AB6="", AC6="", AD6="", AE6=""), "TO", ", TO"), "") -> , BLK | AO6: =IF(X6<0, "FG%", "") & IF(Y6<0, IF(X6="", "FT%", ", FT%"), "") & IF(Z6<0, IF(AND(X6="", Y6=""), "3PM", ", 3PM"), "") & IF(AA6<0, IF(AND(X6="", Y6="", Z6=""), "PTS", ", PTS"), "") & IF(AB6<0, IF(AND(X6="", Y6="", Z6="", AA6=""), "TREB", ", TREB"), "") & IF(AC6<0, IF(AND(X6="", Y6="", Z6="", AA6="", AB6=""), "AST", ", AST"), "") & IF(AD6<0, IF(AND(X6="", Y6="", Z6="", AA6="", AB6="", AC6=""), "STL", ", STL"), "") & IF(AE6<0, IF(AND(X6="", Y6="", Z6="", AA6="", AB6="", AC6="", AD6=""), "BLK", ", BLK"), "") & IF(AF6<0, IF(AND(X6="", Y6="", Z6="", AA6="", AB6="", AC6="", AD6="", AE6=""), "TO", ", TO"), "") -> , FT%, 3PM, STL, TO | AP6: =VLOOKUP(B6,'2025-2026 actuals'!B:Q,16,FALSE) -> 18 | AQ6: =SUM(X6:AF6) -> 6.9697888 | AR6: =RANK(AQ6,AQ:AQ) -> 5
A7: =C7 -> 10 | B7: Cade Cunningham | C7: =AR7 -> 10 | D7: =AP7 -> 13 | E7: =VLOOKUP(B7,'2026-2027 adp'!A:C,3,FALSE) -> 6 | F7: =E7-A7 -> -4 | H7: 0.521(9.4/18.0) | I7: 0.787(5.6/7.1) | J7: 2 | K7: 25 | L7: 5.8 | M7: 9.8 | N7: 1.3 | O7: 0.8 | P7: 4.1 | Q7: 7.69 | R7: 9.2 | S7: 19.7 | T7: =R7/S7 -> 0.46700508 | U7: 4.6 | V7: 5.6 | W7: =U7/V7 -> 0.82142857 | X7: =IF(((T7 - '2026-2027 means'!E$2) / '2026-2027 means'!R$2) * (S7 / '2026-2027 means'!B$2) / 2 < -2, -2, ((T7 - '2026-2027 means'!E$2) / '2026-2027 means'!R$2) * (S7 / '2026-2027 means'!B$2) / 2) -> -0.56824258 | Y7: =IF(((W7 - '2026-2027 means'!F$2) / '2026-2027 means'!S$2) * (V7 / '2026-2027 means'!D$2) < -2, -2, ((W7 - '2026-2027 means'!F$2) / '2026-2027 means'!S$2) * (V7 / '2026-2027 means'!D$2)) -> 0.51620862 | Z7: =(J7-'2026-2027 means'!G$2)/'2026-2027 means'!T$2 -> 0.35019514 | AA7: =(K7-'2026-2027 means'!H$2)/'2026-2027 means'!U$2 -> 1.7231051 | AB7: =(L7-'2026-2027 means'!I$2)/'2026-2027 means'!V$2 -> 0.047409678 | AC7: =(M7-'2026-2027 means'!J$2)/'2026-2027 means'!W$2 -> 3.1757609 | AD7: =(N7-'2026-2027 means'!K$2)/'2026-2027 means'!X$2 -> 0.83234193 | AE7: =(O7-'2026-2027 means'!L$2)/'2026-2027 means'!Y$2 -> 0.24646615 | AF7: =IF(((P7 - '2026-2027 means'!M$2) / '2026-2027 means'!Z$2 * -1) < -2, -2, (P7 - '2026-2027 means'!M$2) / '2026-2027 means'!Z$2 * -1) -> -2 | AG7: =COUNTIFS(X7:AE7,">="&1) -> 2 | AH7: =COUNTIFS(X7:AE7,"<="&-0.25) -> 1 | AI7: =AG7/AH7 -> 2 | AJ7: =_xlfn.CONCAT(AL7,AM7,AN7) -> #NAME? | AK7: =AO7 -> FG%, TO | AL7: =IF(X7>2, "FG%", "") & IF(Y7>2, ", FT%", "") & IF(Z7>2, ", 3PM", "") & IF(AA7>2, ", PTS", "") & IF(AB7>2, ", TREB", "") & IF(AC7>2, ", AST", "") & IF(AD7>2, ", STL", "") & IF(AE7>2, ", BLK", "") & IF(AF7>2, ", TO", "") -> , AST | AM7: =IF(AND(X7>=1, X7<2), "FG%", "") & IF(AND(Y7>=1, Y7<2), IF(X7="", "FT%", ", FT%"), "") & IF(AND(Z7>=1, Z7<2), IF(OR(X7="", Y7=""), "3PM", ", 3PM"), "") & IF(AND(AA7>=1, AA7<2), IF(OR(X7="", Y7="", Z7=""), "PTS", ", PTS"), "") & IF(AND(AB7>=1, AB7<2), IF(OR(X7="", Y7="", Z7="", AA7=""), "TREB", ", TREB"), "") & IF(AND(AC7>=1, AC7<2), IF(OR(X7="", Y7="", Z7="", AA7="", AB7=""), "AST", ", AST"), "") & IF(AND(AD7>=1, AD7<2), IF(OR(X7="", Y7="", Z7="", AA7="", AB7="", AC7=""), "STL", ", STL"), "") & IF(AND(AE7>=1, AE7<2), IF(OR(X7="", Y7="", Z7="", AA7="", AB7="", AC7="", AD7=""), "BLK", ", BLK"), "") & IF(AND(AF7>=1, AF7<2), IF(OR(X7="", Y7="", Z7="", AA7="", AB7="", AC7="", AD7="", AE7=""), "TO", ", TO"), "") -> , PTS | AN7: =IF(AND(X7>=0, X7<1), "FG%", "") & IF(AND(Y7>=0, Y7<1), IF(X7="", "FT%", ", FT%"), "") & IF(AND(Z7>=0, Z7<1), IF(AND(X7="", Y7=""), "3PM", ", 3PM"), "") & IF(AND(AA7>=0, AA7<1), IF(AND(X7="", Y7="", Z7=""), "PTS", ", PTS"), "") & IF(AND(AB7>=0, AB7<1), IF(AND(X7="", Y7="", Z7="", AA7=""), "TREB", ", TREB"), "") & IF(AND(AC7>=0, AC7<1), IF(AND(X7="", Y7="", Z7="", AA7="", AB7=""), "AST", ", AST"), "") & IF(AND(AD7>=0, AD7<1), IF(AND(X7="", Y7="", Z7="", AA7="", AB7="", AC7=""), "STL", ", STL"), "") & IF(AND(AE7>=0, AE7<1), IF(AND(X7="", Y7="", Z7="", AA7="", AB7="", AC7="", AD7=""), "BLK", ", BLK"), "") & IF(AND(AF7>=0, AF7<1), IF(AND(X7="", Y7="", Z7="", AA7="", AB7="", AC7="", AD7="", AE7=""), "TO", ", TO"), "") -> , FT%, 3PM, TREB, STL, BLK | AO7: =IF(X7<0, "FG%", "") & IF(Y7<0, IF(X7="", "FT%", ", FT%"), "") & IF(Z7<0, IF(AND(X7="", Y7=""), "3PM", ", 3PM"), "") & IF(AA7<0, IF(AND(X7="", Y7="", Z7=""), "PTS", ", PTS"), "") & IF(AB7<0, IF(AND(X7="", Y7="", Z7="", AA7=""), "TREB", ", TREB"), "") & IF(AC7<0, IF(AND(X7="", Y7="", Z7="", AA7="", AB7=""), "AST", ", AST"), "") & IF(AD7<0, IF(AND(X7="", Y7="", Z7="", AA7="", AB7="", AC7=""), "STL", ", STL"), "") & IF(AE7<0, IF(AND(X7="", Y7="", Z7="", AA7="", AB7="", AC7="", AD7=""), "BLK", ", BLK"), "") & IF(AF7<0, IF(AND(X7="", Y7="", Z7="", AA7="", AB7="", AC7="", AD7="", AE7=""), "TO", ", TO"), "") -> FG%, TO | AP7: =VLOOKUP(B7,'2025-2026 actuals'!B:Q,16,FALSE) -> 13 | AQ7: =SUM(X7:AF7) -> 4.3232449 | AR7: =RANK(AQ7,AQ:AQ) -> 10
A8: =C8 -> 7 | B8: Jayson Tatum | C8: =AR8 -> 7 | D8: =AP8 -> 30 | E8: =VLOOKUP(B8,'2026-2027 adp'!A:C,3,FALSE) -> 8.5 | F8: =E8-A8 -> 1.5 | H8: 0.463(9.8/21.1) | I8: 0.856(4.6/5.4) | J8: 3.3 | K8: 26.1 | L8: 8.8 | M8: 6.1 | N8: 1.2 | O8: 0.5 | P8: 2.8 | Q8: 7.59 | R8: 9 | S8: 19.4 | T8: =R8/S8 -> 0.46391753 | U8: 4.8 | V8: 5.8 | W8: =U8/V8 -> 0.82758621 | X8: =IF(((T8 - '2026-2027 means'!E$2) / '2026-2027 means'!R$2) * (S8 / '2026-2027 means'!B$2) / 2 < -2, -2, ((T8 - '2026-2027 means'!E$2) / '2026-2027 means'!R$2) * (S8 / '2026-2027 means'!B$2) / 2) -> -0.66986601 | Y8: =IF(((W8 - '2026-2027 means'!F$2) / '2026-2027 means'!S$2) * (V8 / '2026-2027 means'!D$2) < -2, -2, ((W8 - '2026-2027 means'!F$2) / '2026-2027 means'!S$2) * (V8 / '2026-2027 means'!D$2)) -> 0.65880486 | Z8: =(J8-'2026-2027 means'!G$2)/'2026-2027 means'!T$2 -> 1.7179977 | AA8: =(K8-'2026-2027 means'!H$2)/'2026-2027 means'!U$2 -> 1.9313242 | AB8: =(L8-'2026-2027 means'!I$2)/'2026-2027 means'!V$2 -> 1.2957955 | AC8: =(M8-'2026-2027 means'!J$2)/'2026-2027 means'!W$2 -> 1.2653723 | AD8: =(N8-'2026-2027 means'!K$2)/'2026-2027 means'!X$2 -> 0.53883188 | AE8: =(O8-'2026-2027 means'!L$2)/'2026-2027 means'!Y$2 -> -0.36262847 | AF8: =IF(((P8 - '2026-2027 means'!M$2) / '2026-2027 means'!Z$2 * -1) < -2, -2, (P8 - '2026-2027 means'!M$2) / '2026-2027 means'!Z$2 * -1) -> -1.3021698 | AG8: =COUNTIFS(X8:AE8,">="&1) -> 4 | AH8: =COUNTIFS(X8:AE8,"<="&-0.25) -> 2 | AI8: =AG8/AH8 -> 2 | AJ8: =_xlfn.CONCAT(AL8,AM8,AN8) -> #NAME? | AK8: =AO8 -> FG%, BLK, TO | AL8: =IF(X8>2, "FG%", "") & IF(Y8>2, ", FT%", "") & IF(Z8>2, ", 3PM", "") & IF(AA8>2, ", PTS", "") & IF(AB8>2, ", TREB", "") & IF(AC8>2, ", AST", "") & IF(AD8>2, ", STL", "") & IF(AE8>2, ", BLK", "") & IF(AF8>2, ", TO", "") | AM8: =IF(AND(X8>=1, X8<2), "FG%", "") & IF(AND(Y8>=1, Y8<2), IF(X8="", "FT%", ", FT%"), "") & IF(AND(Z8>=1, Z8<2), IF(OR(X8="", Y8=""), "3PM", ", 3PM"), "") & IF(AND(AA8>=1, AA8<2), IF(OR(X8="", Y8="", Z8=""), "PTS", ", PTS"), "") & IF(AND(AB8>=1, AB8<2), IF(OR(X8="", Y8="", Z8="", AA8=""), "TREB", ", TREB"), "") & IF(AND(AC8>=1, AC8<2), IF(OR(X8="", Y8="", Z8="", AA8="", AB8=""), "AST", ", AST"), "") & IF(AND(AD8>=1, AD8<2), IF(OR(X8="", Y8="", Z8="", AA8="", AB8="", AC8=""), "STL", ", STL"), "") & IF(AND(AE8>=1, AE8<2), IF(OR(X8="", Y8="", Z8="", AA8="", AB8="", AC8="", AD8=""), "BLK", ", BLK"), "") & IF(AND(AF8>=1, AF8<2), IF(OR(X8="", Y8="", Z8="", AA8="", AB8="", AC8="", AD8="", AE8=""), "TO", ", TO"), "") -> , 3PM, PTS, TREB, AST | AN8: =IF(AND(X8>=0, X8<1), "FG%", "") & IF(AND(Y8>=0, Y8<1), IF(X8="", "FT%", ", FT%"), "") & IF(AND(Z8>=0, Z8<1), IF(AND(X8="", Y8=""), "3PM", ", 3PM"), "") & IF(AND(AA8>=0, AA8<1), IF(AND(X8="", Y8="", Z8=""), "PTS", ", PTS"), "") & IF(AND(AB8>=0, AB8<1), IF(AND(X8="", Y8="", Z8="", AA8=""), "TREB", ", TREB"), "") & IF(AND(AC8>=0, AC8<1), IF(AND(X8="", Y8="", Z8="", AA8="", AB8=""), "AST", ", AST"), "") & IF(AND(AD8>=0, AD8<1), IF(AND(X8="", Y8="", Z8="", AA8="", AB8="", AC8=""), "STL", ", STL"), "") & IF(AND(AE8>=0, AE8<1), IF(AND(X8="", Y8="", Z8="", AA8="", AB8="", AC8="", AD8=""), "BLK", ", BLK"), "") & IF(AND(AF8>=0, AF8<1), IF(AND(X8="", Y8="", Z8="", AA8="", AB8="", AC8="", AD8="", AE8=""), "TO", ", TO"), "") -> , FT%, STL | AO8: =IF(X8<0, "FG%", "") & IF(Y8<0, IF(X8="", "FT%", ", FT%"), "") & IF(Z8<0, IF(AND(X8="", Y8=""), "3PM", ", 3PM"), "") & IF(AA8<0, IF(AND(X8="", Y8="", Z8=""), "PTS", ", PTS"), "") & IF(AB8<0, IF(AND(X8="", Y8="", Z8="", AA8=""), "TREB", ", TREB"), "") & IF(AC8<0, IF(AND(X8="", Y8="", Z8="", AA8="", AB8=""), "AST", ", AST"), "") & IF(AD8<0, IF(AND(X8="", Y8="", Z8="", AA8="", AB8="", AC8=""), "STL", ", STL"), "") & IF(AE8<0, IF(AND(X8="", Y8="", Z8="", AA8="", AB8="", AC8="", AD8=""), "BLK", ", BLK"), "") & IF(AF8<0, IF(AND(X8="", Y8="", Z8="", AA8="", AB8="", AC8="", AD8="", AE8=""), "TO", ", TO"), "") -> FG%, BLK, TO | AP8: =VLOOKUP(B8,'2025-2026 actuals'!B:Q,16,FALSE) -> 30 | AQ8: =SUM(X8:AF8) -> 5.0734622 | AR8: =RANK(AQ8,AQ:AQ) -> 7
A9: =C9 -> 13 | B9: Anthony Edwards | C9: =AR9 -> 13 | D9: =AP9 -> 15 | E9: =VLOOKUP(B9,'2026-2027 adp'!A:C,3,FALSE) -> 7.8 | F9: =E9-A9 -> -5.2 | H9: 0.449(9.3/20.6) | I9: 0.837(5.6/6.7) | J9: 3.7 | K9: 28.7 | L9: 5.6 | M9: 3.5 | N9: 1.2 | O9: 0.7 | P9: 3 | Q9: 7.51 | R9: 9.7 | S9: 20 | T9: =R9/S9 -> 0.485 | U9: 5.4 | V9: 6.6 | W9: =U9/V9 -> 0.81818182 | X9: =IF(((T9 - '2026-2027 means'!E$2) / '2026-2027 means'!R$2) * (S9 / '2026-2027 means'!B$2) / 2 < -2, -2, ((T9 - '2026-2027 means'!E$2) / '2026-2027 means'!R$2) * (S9 / '2026-2027 means'!B$2) / 2) -> 0.085699774 | Y9: =IF(((W9 - '2026-2027 means'!F$2) / '2026-2027 means'!S$2) * (V9 / '2026-2027 means'!D$2) < -2, -2, ((W9 - '2026-2027 means'!F$2) / '2026-2027 means'!S$2) * (V9 / '2026-2027 means'!D$2)) -> 0.5338926 | Z9: =(J9-'2026-2027 means'!G$2)/'2026-2027 means'!T$2 -> 2.13886 | AA9: =(K9-'2026-2027 means'!H$2)/'2026-2027 means'!U$2 -> 2.4234785 | AB9: =(L9-'2026-2027 means'!I$2)/'2026-2027 means'!V$2 -> -0.035816045 | AC9: =(M9-'2026-2027 means'!J$2)/'2026-2027 means'!W$2 -> -0.077062871 | AD9: =(N9-'2026-2027 means'!K$2)/'2026-2027 means'!X$2 -> 0.53883188 | AE9: =(O9-'2026-2027 means'!L$2)/'2026-2027 means'!Y$2 -> 0.043434608 | AF9: =IF(((P9 - '2026-2027 means'!M$2) / '2026-2027 means'!Z$2 * -1) < -2, -2, (P9 - '2026-2027 means'!M$2) / '2026-2027 means'!Z$2 * -1) -> -1.5750959 | AG9: =COUNTIFS(X9:AE9,">="&1) -> 2 | AH9: =COUNTIFS(X9:AE9,"<="&-0.25) -> 0 | AI9: =AG9/AH9 -> #DIV/0! | AJ9: =_xlfn.CONCAT(AL9,AM9,AN9) -> #NAME? | AK9: =AO9 -> , TREB, AST, TO | AL9: =IF(X9>2, "FG%", "") & IF(Y9>2, ", FT%", "") & IF(Z9>2, ", 3PM", "") & IF(AA9>2, ", PTS", "") & IF(AB9>2, ", TREB", "") & IF(AC9>2, ", AST", "") & IF(AD9>2, ", STL", "") & IF(AE9>2, ", BLK", "") & IF(AF9>2, ", TO", "") -> , 3PM, PTS | AM9: =IF(AND(X9>=1, X9<2), "FG%", "") & IF(AND(Y9>=1, Y9<2), IF(X9="", "FT%", ", FT%"), "") & IF(AND(Z9>=1, Z9<2), IF(OR(X9="", Y9=""), "3PM", ", 3PM"), "") & IF(AND(AA9>=1, AA9<2), IF(OR(X9="", Y9="", Z9=""), "PTS", ", PTS"), "") & IF(AND(AB9>=1, AB9<2), IF(OR(X9="", Y9="", Z9="", AA9=""), "TREB", ", TREB"), "") & IF(AND(AC9>=1, AC9<2), IF(OR(X9="", Y9="", Z9="", AA9="", AB9=""), "AST", ", AST"), "") & IF(AND(AD9>=1, AD9<2), IF(OR(X9="", Y9="", Z9="", AA9="", AB9="", AC9=""), "STL", ", STL"), "") & IF(AND(AE9>=1, AE9<2), IF(OR(X9="", Y9="", Z9="", AA9="", AB9="", AC9="", AD9=""), "BLK", ", BLK"), "") & IF(AND(AF9>=1, AF9<2), IF(OR(X9="", Y9="", Z9="", AA9="", AB9="", AC9="", AD9="", AE9=""), "TO", ", TO"), "") | AN9: =IF(AND(X9>=0, X9<1), "FG%", "") & IF(AND(Y9>=0, Y9<1), IF(X9="", "FT%", ", FT%"), "") & IF(AND(Z9>=0, Z9<1), IF(AND(X9="", Y9=""), "3PM", ", 3PM"), "") & IF(AND(AA9>=0, AA9<1), IF(AND(X9="", Y9="", Z9=""), "PTS", ", PTS"), "") & IF(AND(AB9>=0, AB9<1), IF(AND(X9="", Y9="", Z9="", AA9=""), "TREB", ", TREB"), "") & IF(AND(AC9>=0, AC9<1), IF(AND(X9="", Y9="", Z9="", AA9="", AB9=""), "AST", ", AST"), "") & IF(AND(AD9>=0, AD9<1), IF(AND(X9="", Y9="", Z9="", AA9="", AB9="", AC9=""), "STL", ", STL"), "") & IF(AND(AE9>=0, AE9<1), IF(AND(X9="", Y9="", Z9="", AA9="", AB9="", AC9="", AD9=""), "BLK", ", BLK"), "") & IF(AND(AF9>=0, AF9<1), IF(AND(X9="", Y9="", Z9="", AA9="", AB9="", AC9="", AD9="", AE9=""), "TO", ", TO"), "") -> FG%, FT%, STL, BLK | AO9: =IF(X9<0, "FG%", "") & IF(Y9<0, IF(X9="", "FT%", ", FT%"), "") & IF(Z9<0, IF(AND(X9="", Y9=""), "3PM", ", 3PM"), "") & IF(AA9<0, IF(AND(X9="", Y9="", Z9=""), "PTS", ", PTS"), "") & IF(AB9<0, IF(AND(X9="", Y9="", Z9="", AA9=""), "TREB", ", TREB"), "") & IF(AC9<0, IF(AND(X9="", Y9="", Z9="", AA9="", AB9=""), "AST", ", AST"), "") & IF(AD9<0, IF(AND(X9="", Y9="", Z9="", AA9="", AB9="", AC9=""), "STL", ", STL"), "") & IF(AE9<0, IF(AND(X9="", Y9="", Z9="", AA9="", AB9="", AC9="", AD9=""), "BLK", ", BLK"), "") & IF(AF9<0, IF(AND(X9="", Y9="", Z9="", AA9="", AB9="", AC9="", AD9="", AE9=""), "TO", ", TO"), "") -> , TREB, AST, TO | AP9: =VLOOKUP(B9,'2025-2026 actuals'!B:Q,16,FALSE) -> 15 | AQ9: =SUM(X9:AF9) -> 4.0762225 | AR9: =RANK(AQ9,AQ:AQ) -> 13
A10: =C10 -> 6 | B10: Tyrese Maxey | C10: =AR10 -> 6 | D10: =AP10 -> 4 | E10: =VLOOKUP(B10,'2026-2027 adp'!A:C,3,FALSE) -> 9.7 | F10: =E10-A10 -> 3.7 | H10: 0.516(8.4/16.3) | I10: 0.846(4.5/5.3) | J10: 2.8 | K10: 24.2 | L10: 3.4 | M10: 5.8 | N10: 1.8 | O10: 0.5 | P10: 2.2 | Q10: 7.48 | R10: 8.4 | S10: 18.2 | T10: =R10/S10 -> 0.46153846 | U10: 4.6 | V10: 5.2 | W10: =U10/V10 -> 0.88461538 | X10: =IF(((T10 - '2026-2027 means'!E$2) / '2026-2027 means'!R$2) * (S10 / '2026-2027 means'!B$2) / 2 < -2, -2, ((T10 - '2026-2027 means'!E$2) / '2026-2027 means'!R$2) * (S10 / '2026-2027 means'!B$2) / 2) -> -0.70814713 | Y10: =IF(((W10 - '2026-2027 means'!F$2) / '2026-2027 means'!S$2) * (V10 / '2026-2027 means'!D$2) < -2, -2, ((W10 - '2026-2027 means'!F$2) / '2026-2027 means'!S$2) * (V10 / '2026-2027 means'!D$2)) -> 1.6216106 | Z10: =(J10-'2026-2027 means'!G$2)/'2026-2027 means'!T$2 -> 1.1919198 | AA10: =(K10-'2026-2027 means'!H$2)/'2026-2027 means'!U$2 -> 1.571673 | AB10: =(L10-'2026-2027 means'!I$2)/'2026-2027 means'!V$2 -> -0.95129899 | AC10: =(M10-'2026-2027 means'!J$2)/'2026-2027 means'!W$2 -> 1.110476 | AD10: =(N10-'2026-2027 means'!K$2)/'2026-2027 means'!X$2 -> 2.2998922 | AE10: =(O10-'2026-2027 means'!L$2)/'2026-2027 means'!Y$2 -> -0.36262847 | AF10: =IF(((P10 - '2026-2027 means'!M$2) / '2026-2027 means'!Z$2 * -1) < -2, -2, (P10 - '2026-2027 means'!M$2) / '2026-2027 means'!Z$2 * -1) -> -0.4833915 | AG10: =COUNTIFS(X10:AE10,">="&1) -> 5 | AH10: =COUNTIFS(X10:AE10,"<="&-0.25) -> 3 | AI10: =AG10/AH10 -> 1.6666667 | AJ10: =_xlfn.CONCAT(AL10,AM10,AN10) -> #NAME? | AK10: =AO10 -> FG%, TREB, BLK, TO | AL10: =IF(X10>2, "FG%", "") & IF(Y10>2, ", FT%", "") & IF(Z10>2, ", 3PM", "") & IF(AA10>2, ", PTS", "") & IF(AB10>2, ", TREB", "") & IF(AC10>2, ", AST", "") & IF(AD10>2, ", STL", "") & IF(AE10>2, ", BLK", "") & IF(AF10>2, ", TO", "") -> , STL | AM10: =IF(AND(X10>=1, X10<2), "FG%", "") & IF(AND(Y10>=1, Y10<2), IF(X10="", "FT%", ", FT%"), "") & IF(AND(Z10>=1, Z10<2), IF(OR(X10="", Y10=""), "3PM", ", 3PM"), "") & IF(AND(AA10>=1, AA10<2), IF(OR(X10="", Y10="", Z10=""), "PTS", ", PTS"), "") & IF(AND(AB10>=1, AB10<2), IF(OR(X10="", Y10="", Z10="", AA10=""), "TREB", ", TREB"), "") & IF(AND(AC10>=1, AC10<2), IF(OR(X10="", Y10="", Z10="", AA10="", AB10=""), "AST", ", AST"), "") & IF(AND(AD10>=1, AD10<2), IF(OR(X10="", Y10="", Z10="", AA10="", AB10="", AC10=""), "STL", ", STL"), "") & IF(AND(AE10>=1, AE10<2), IF(OR(X10="", Y10="", Z10="", AA10="", AB10="", AC10="", AD10=""), "BLK", ", BLK"), "") & IF(AND(AF10>=1, AF10<2), IF(OR(X10="", Y10="", Z10="", AA10="", AB10="", AC10="", AD10="", AE10=""), "TO", ", TO"), "") -> , FT%, 3PM, PTS, AST | AN10: =IF(AND(X10>=0, X10<1), "FG%", "") & IF(AND(Y10>=0, Y10<1), IF(X10="", "FT%", ", FT%"), "") & IF(AND(Z10>=0, Z10<1), IF(AND(X10="", Y10=""), "3PM", ", 3PM"), "") & IF(AND(AA10>=0, AA10<1), IF(AND(X10="", Y10="", Z10=""), "PTS", ", PTS"), "") & IF(AND(AB10>=0, AB10<1), IF(AND(X10="", Y10="", Z10="", AA10=""), "TREB", ", TREB"), "") & IF(AND(AC10>=0, AC10<1), IF(AND(X10="", Y10="", Z10="", AA10="", AB10=""), "AST", ", AST"), "") & IF(AND(AD10>=0, AD10<1), IF(AND(X10="", Y10="", Z10="", AA10="", AB10="", AC10=""), "STL", ", STL"), "") & IF(AND(AE10>=0, AE10<1), IF(AND(X10="", Y10="", Z10="", AA10="", AB10="", AC10="", AD10=""), "BLK", ", BLK"), "") & IF(AND(AF10>=0, AF10<1), IF(AND(X10="", Y10="", Z10="", AA10="", AB10="", AC10="", AD10="", AE10=""), "TO", ", TO"), "") | AO10: =IF(X10<0, "FG%", "") & IF(Y10<0, IF(X10="", "FT%", ", FT%"), "") & IF(Z10<0, IF(AND(X10="", Y10=""), "3PM", ", 3PM"), "") & IF(AA10<0, IF(AND(X10="", Y10="", Z10=""), "PTS", ", PTS"), "") & IF(AB10<0, IF(AND(X10="", Y10="", Z10="", AA10=""), "TREB", ", TREB"), "") & IF(AC10<0, IF(AND(X10="", Y10="", Z10="", AA10="", AB10=""), "AST", ", AST"), "") & IF(AD10<0, IF(AND(X10="", Y10="", Z10="", AA10="", AB10="", AC10=""), "STL", ", STL"), "") & IF(AE10<0, IF(AND(X10="", Y10="", Z10="", AA10="", AB10="", AC10="", AD10=""), "BLK", ", BLK"), "") & IF(AF10<0, IF(AND(X10="", Y10="", Z10="", AA10="", AB10="", AC10="", AD10="", AE10=""), "TO", ", TO"), "") -> FG%, TREB, BLK, TO | AP10: =VLOOKUP(B10,'2025-2026 actuals'!B:Q,16,FALSE) -> 4 | AQ10: =SUM(X10:AF10) -> 5.2901054 | AR10: =RANK(AQ10,AQ:AQ) -> 6
A11: =C11 -> 14 | B11: Stephen Curry | C11: =AR11 -> 14 | D11: =AP11 -> 8 | E11: =VLOOKUP(B11,'2026-2027 adp'!A:C,3,FALSE) -> 23.1 | F11: =E11-A11 -> 9.1 | H11: 0.425(6.2/14.6) | I11: 0.874(5.4/6.2) | J11: 4.4 | K11: 25.4 | L11: 3.6 | M11: 5.2 | N11: 1 | O11: 0.4 | P11: 2.9 | Q11: 7.39 | R11: 8.4 | S11: 18.3 | T11: =R11/S11 -> 0.45901639 | U11: 4.3 | V11: 4.6 | W11: =U11/V11 -> 0.93478261 | X11: =IF(((T11 - '2026-2027 means'!E$2) / '2026-2027 means'!R$2) * (S11 / '2026-2027 means'!B$2) / 2 < -2, -2, ((T11 - '2026-2027 means'!E$2) / '2026-2027 means'!R$2) * (S11 / '2026-2027 means'!B$2) / 2) -> -0.79701019 | Y11: =IF(((W11 - '2026-2027 means'!F$2) / '2026-2027 means'!S$2) * (V11 / '2026-2027 means'!D$2) < -2, -2, ((W11 - '2026-2027 means'!F$2) / '2026-2027 means'!S$2) * (V11 / '2026-2027 means'!D$2)) -> 2.2367677 | Z11: =(J11-'2026-2027 means'!G$2)/'2026-2027 means'!T$2 -> 2.875369 | AA11: =(K11-'2026-2027 means'!H$2)/'2026-2027 means'!U$2 -> 1.7988211 | AB11: =(L11-'2026-2027 means'!I$2)/'2026-2027 means'!V$2 -> -0.86807327 | AC11: =(M11-'2026-2027 means'!J$2)/'2026-2027 means'!W$2 -> 0.80068323 | AD11: =(N11-'2026-2027 means'!K$2)/'2026-2027 means'!X$2 -> -0.048188217 | AE11: =(O11-'2026-2027 means'!L$2)/'2026-2027 means'!Y$2 -> -0.56566001 | AF11: =IF(((P11 - '2026-2027 means'!M$2) / '2026-2027 means'!Z$2 * -1) < -2, -2, (P11 - '2026-2027 means'!M$2) / '2026-2027 means'!Z$2 * -1) -> -1.4386328 | AG11: =COUNTIFS(X11:AE11,">="&1) -> 3 | AH11: =COUNTIFS(X11:AE11,"<="&-0.25) -> 3 | AI11: =AG11/AH11 -> 1 | AJ11: =_xlfn.CONCAT(AL11,AM11,AN11) -> #NAME? | AK11: =AO11 -> FG%, TREB, STL, BLK, TO | AL11: =IF(X11>2, "FG%", "") & IF(Y11>2, ", FT%", "") & IF(Z11>2, ", 3PM", "") & IF(AA11>2, ", PTS", "") & IF(AB11>2, ", TREB", "") & IF(AC11>2, ", AST", "") & IF(AD11>2, ", STL", "") & IF(AE11>2, ", BLK", "") & IF(AF11>2, ", TO", "") -> , FT%, 3PM | AM11: =IF(AND(X11>=1, X11<2), "FG%", "") & IF(AND(Y11>=1, Y11<2), IF(X11="", "FT%", ", FT%"), "") & IF(AND(Z11>=1, Z11<2), IF(OR(X11="", Y11=""), "3PM", ", 3PM"), "") & IF(AND(AA11>=1, AA11<2), IF(OR(X11="", Y11="", Z11=""), "PTS", ", PTS"), "") & IF(AND(AB11>=1, AB11<2), IF(OR(X11="", Y11="", Z11="", AA11=""), "TREB", ", TREB"), "") & IF(AND(AC11>=1, AC11<2), IF(OR(X11="", Y11="", Z11="", AA11="", AB11=""), "AST", ", AST"), "") & IF(AND(AD11>=1, AD11<2), IF(OR(X11="", Y11="", Z11="", AA11="", AB11="", AC11=""), "STL", ", STL"), "") & IF(AND(AE11>=1, AE11<2), IF(OR(X11="", Y11="", Z11="", AA11="", AB11="", AC11="", AD11=""), "BLK", ", BLK"), "") & IF(AND(AF11>=1, AF11<2), IF(OR(X11="", Y11="", Z11="", AA11="", AB11="", AC11="", AD11="", AE11=""), "TO", ", TO"), "") -> , PTS | AN11: =IF(AND(X11>=0, X11<1), "FG%", "") & IF(AND(Y11>=0, Y11<1), IF(X11="", "FT%", ", FT%"), "") & IF(AND(Z11>=0, Z11<1), IF(AND(X11="", Y11=""), "3PM", ", 3PM"), "") & IF(AND(AA11>=0, AA11<1), IF(AND(X11="", Y11="", Z11=""), "PTS", ", PTS"), "") & IF(AND(AB11>=0, AB11<1), IF(AND(X11="", Y11="", Z11="", AA11=""), "TREB", ", TREB"), "") & IF(AND(AC11>=0, AC11<1), IF(AND(X11="", Y11="", Z11="", AA11="", AB11=""), "AST", ", AST"), "") & IF(AND(AD11>=0, AD11<1), IF(AND(X11="", Y11="", Z11="", AA11="", AB11="", AC11=""), "STL", ", STL"), "") & IF(AND(AE11>=0, AE11<1), IF(AND(X11="", Y11="", Z11="", AA11="", AB11="", AC11="", AD11=""), "BLK", ", BLK"), "") & IF(AND(AF11>=0, AF11<1), IF(AND(X11="", Y11="", Z11="", AA11="", AB11="", AC11="", AD11="", AE11=""), "TO", ", TO"), "") -> , AST | AO11: =IF(X11<0, "FG%", "") & IF(Y11<0, IF(X11="", "FT%", ", FT%"), "") & IF(Z11<0, IF(AND(X11="", Y11=""), "3PM", ", 3PM"), "") & IF(AA11<0, IF(AND(X11="", Y11="", Z11=""), "PTS", ", PTS"), "") & IF(AB11<0, IF(AND(X11="", Y11="", Z11="", AA11=""), "TREB", ", TREB"), "") & IF(AC11<0, IF(AND(X11="", Y11="", Z11="", AA11="", AB11=""), "AST", ", AST"), "") & IF(AD11<0, IF(AND(X11="", Y11="", Z11="", AA11="", AB11="", AC11=""), "STL", ", STL"), "") & IF(AE11<0, IF(AND(X11="", Y11="", Z11="", AA11="", AB11="", AC11="", AD11=""), "BLK", ", BLK"), "") & IF(AF11<0, IF(AND(X11="", Y11="", Z11="", AA11="", AB11="", AC11="", AD11="", AE11=""), "TO", ", TO"), "") -> FG%, TREB, STL, BLK, TO | AP11: =VLOOKUP(B11,'2025-2026 actuals'!B:Q,16,FALSE) -> 8 | AQ11: =SUM(X11:AF11) -> 3.9940766 | AR11: =RANK(AQ11,AQ:AQ) -> 14
A12: =C12 -> 18 | B12: Kevin Durant | C12: =AR12 -> 18 | D12: =AP12 -> 9 | E12: =VLOOKUP(B12,'2026-2027 adp'!A:C,3,FALSE) -> 16 | F12: =E12-A12 -> -2 | H12: 0.476(9.1/19.2) | I12: 0.890(5.9/6.6) | J12: 2.3 | K12: 24.7 | L12: 5.4 | M12: 4.3 | N12: 0.8 | O12: 1 | P12: 2.9 | Q12: 7.13 | R12: 8.8 | S12: 16.8 | T12: =R12/S12 -> 0.52380952 | U12: 4.8 | V12: 5.6 | W12: =U12/V12 -> 0.85714286 | X12: =IF(((T12 - '2026-2027 means'!E$2) / '2026-2027 means'!R$2) * (S12 / '2026-2027 means'!B$2) / 2 < -2, -2, ((T12 - '2026-2027 means'!E$2) / '2026-2027 means'!R$2) * (S12 / '2026-2027 means'!B$2) / 2) -> 1.2723609 | Y12: =IF(((W12 - '2026-2027 means'!F$2) / '2026-2027 means'!S$2) * (V12 / '2026-2027 means'!D$2) < -2, -2, ((W12 - '2026-2027 means'!F$2) / '2026-2027 means'!S$2) * (V12 / '2026-2027 means'!D$2)) -> 1.2115058 | Z12: =(J12-'2026-2027 means'!G$2)/'2026-2027 means'!T$2 -> 0.66584187 | AA12: =(K12-'2026-2027 means'!H$2)/'2026-2027 means'!U$2 -> 1.666318 | AB12: =(L12-'2026-2027 means'!I$2)/'2026-2027 means'!V$2 -> -0.11904177 | AC12: =(M12-'2026-2027 means'!J$2)/'2026-2027 means'!W$2 -> 0.33599412 | AD12: =(N12-'2026-2027 means'!K$2)/'2026-2027 means'!X$2 -> -0.63520832 | AE12: =(O12-'2026-2027 means'!L$2)/'2026-2027 means'!Y$2 -> 0.65252923 | AF12: =IF(((P12 - '2026-2027 means'!M$2) / '2026-2027 means'!Z$2 * -1) < -2, -2, (P12 - '2026-2027 means'!M$2) / '2026-2027 means'!Z$2 * -1) -> -1.4386328 | AG12: =COUNTIFS(X12:AE12,">="&1) -> 3 | AH12: =COUNTIFS(X12:AE12,"<="&-0.25) -> 1 | AI12: =AG12/AH12 -> 3 | AJ12: =_xlfn.CONCAT(AL12,AM12,AN12) -> #NAME? | AK12: =AO12 -> , TREB, STL, TO | AL12: =IF(X12>2, "FG%", "") & IF(Y12>2, ", FT%", "") & IF(Z12>2, ", 3PM", "") & IF(AA12>2, ", PTS", "") & IF(AB12>2, ", TREB", "") & IF(AC12>2, ", AST", "") & IF(AD12>2, ", STL", "") & IF(AE12>2, ", BLK", "") & IF(AF12>2, ", TO", "") | AM12: =IF(AND(X12>=1, X12<2), "FG%", "") & IF(AND(Y12>=1, Y12<2), IF(X12="", "FT%", ", FT%"), "") & IF(AND(Z12>=1, Z12<2), IF(OR(X12="", Y12=""), "3PM", ", 3PM"), "") & IF(AND(AA12>=1, AA12<2), IF(OR(X12="", Y12="", Z12=""), "PTS", ", PTS"), "") & IF(AND(AB12>=1, AB12<2), IF(OR(X12="", Y12="", Z12="", AA12=""), "TREB", ", TREB"), "") & IF(AND(AC12>=1, AC12<2), IF(OR(X12="", Y12="", Z12="", AA12="", AB12=""), "AST", ", AST"), "") & IF(AND(AD12>=1, AD12<2), IF(OR(X12="", Y12="", Z12="", AA12="", AB12="", AC12=""), "STL", ", STL"), "") & IF(AND(AE12>=1, AE12<2), IF(OR(X12="", Y12="", Z12="", AA12="", AB12="", AC12="", AD12=""), "BLK", ", BLK"), "") & IF(AND(AF12>=1, AF12<2), IF(OR(X12="", Y12="", Z12="", AA12="", AB12="", AC12="", AD12="", AE12=""), "TO", ", TO"), "") -> FG%, FT%, PTS | AN12: =IF(AND(X12>=0, X12<1), "FG%", "") & IF(AND(Y12>=0, Y12<1), IF(X12="", "FT%", ", FT%"), "") & IF(AND(Z12>=0, Z12<1), IF(AND(X12="", Y12=""), "3PM", ", 3PM"), "") & IF(AND(AA12>=0, AA12<1), IF(AND(X12="", Y12="", Z12=""), "PTS", ", PTS"), "") & IF(AND(AB12>=0, AB12<1), IF(AND(X12="", Y12="", Z12="", AA12=""), "TREB", ", TREB"), "") & IF(AND(AC12>=0, AC12<1), IF(AND(X12="", Y12="", Z12="", AA12="", AB12=""), "AST", ", AST"), "") & IF(AND(AD12>=0, AD12<1), IF(AND(X12="", Y12="", Z12="", AA12="", AB12="", AC12=""), "STL", ", STL"), "") & IF(AND(AE12>=0, AE12<1), IF(AND(X12="", Y12="", Z12="", AA12="", AB12="", AC12="", AD12=""), "BLK", ", BLK"), "") & IF(AND(AF12>=0, AF12<1), IF(AND(X12="", Y12="", Z12="", AA12="", AB12="", AC12="", AD12="", AE12=""), "TO", ", TO"), "") -> , 3PM, AST, BLK | AO12: =IF(X12<0, "FG%", "") & IF(Y12<0, IF(X12="", "FT%", ", FT%"), "") & IF(Z12<0, IF(AND(X12="", Y12=""), "3PM", ", 3PM"), "") & IF(AA12<0, IF(AND(X12="", Y12="", Z12=""), "PTS", ", PTS"), "") & IF(AB12<0, IF(AND(X12="", Y12="", Z12="", AA12=""), "TREB", ", TREB"), "") & IF(AC12<0, IF(AND(X12="", Y12="", Z12="", AA12="", AB12=""), "AST", ", AST"), "") & IF(AD12<0, IF(AND(X12="", Y12="", Z12="", AA12="", AB12="", AC12=""), "STL", ", STL"), "") & IF(AE12<0, IF(AND(X12="", Y12="", Z12="", AA12="", AB12="", AC12="", AD12=""), "BLK", ", BLK"), "") & IF(AF12<0, IF(AND(X12="", Y12="", Z12="", AA12="", AB12="", AC12="", AD12="", AE12=""), "TO", ", TO"), "") -> , TREB, STL, TO | AP12: =VLOOKUP(B12,'2025-2026 actuals'!B:Q,16,FALSE) -> 9 | AQ12: =SUM(X12:AF12) -> 3.6116671 | AR12: =RANK(AQ12,AQ:AQ) -> 18
A13: =C13 -> 11 | B13: Donovan Mitchell | C13: =AR13 -> 11 | D13: =AP13 -> 7 | E13: =VLOOKUP(B13,'2026-2027 adp'!A:C,3,FALSE) -> 13.8 | F13: =E13-A13 -> 2.8 | H13: 0.428(7.8/18.1) | I13: 0.867(6.5/7.5) | J13: 3.3 | K13: 26.9 | L13: 4.7 | M13: 5.4 | N13: 1.5 | O13: 0.3 | P13: 2.6 | Q13: 6.74 | R13: 9.3 | S13: 20.1 | T13: =R13/S13 -> 0.46268657 | U13: 4.9 | V13: 5.8 | W13: =U13/V13 -> 0.84482759 | X13: =IF(((T13 - '2026-2027 means'!E$2) / '2026-2027 means'!R$2) * (S13 / '2026-2027 means'!B$2) / 2 < -2, -2, ((T13 - '2026-2027 means'!E$2) / '2026-2027 means'!R$2) * (S13 / '2026-2027 means'!B$2) / 2) -> -0.73958851 | Y13: =IF(((W13 - '2026-2027 means'!F$2) / '2026-2027 means'!S$2) * (V13 / '2026-2027 means'!D$2) < -2, -2, ((W13 - '2026-2027 means'!F$2) / '2026-2027 means'!S$2) * (V13 / '2026-2027 means'!D$2)) -> 1.0064535 | Z13: =(J13-'2026-2027 means'!G$2)/'2026-2027 means'!T$2 -> 1.7179977 | AA13: =(K13-'2026-2027 means'!H$2)/'2026-2027 means'!U$2 -> 2.0827563 | AB13: =(L13-'2026-2027 means'!I$2)/'2026-2027 means'!V$2 -> -0.4103318 | AC13: =(M13-'2026-2027 means'!J$2)/'2026-2027 means'!W$2 -> 0.90394748 | AD13: =(N13-'2026-2027 means'!K$2)/'2026-2027 means'!X$2 -> 1.419362 | AE13: =(O13-'2026-2027 means'!L$2)/'2026-2027 means'!Y$2 -> -0.76869155 | AF13: =IF(((P13 - '2026-2027 means'!M$2) / '2026-2027 means'!Z$2 * -1) < -2, -2, (P13 - '2026-2027 means'!M$2) / '2026-2027 means'!Z$2 * -1) -> -1.0292437 | AG13: =COUNTIFS(X13:AE13,">="&1) -> 4 | AH13: =COUNTIFS(X13:AE13,"<="&-0.25) -> 3 | AI13: =AG13/AH13 -> 1.3333333 | AJ13: =_xlfn.CONCAT(AL13,AM13,AN13) -> #NAME? | AK13: =AO13 -> FG%, TREB, BLK, TO | AL13: =IF(X13>2, "FG%", "") & IF(Y13>2, ", FT%", "") & IF(Z13>2, ", 3PM", "") & IF(AA13>2, ", PTS", "") & IF(AB13>2, ", TREB", "") & IF(AC13>2, ", AST", "") & IF(AD13>2, ", STL", "") & IF(AE13>2, ", BLK", "") & IF(AF13>2, ", TO", "") -> , PTS | AM13: =IF(AND(X13>=1, X13<2), "FG%", "") & IF(AND(Y13>=1, Y13<2), IF(X13="", "FT%", ", FT%"), "") & IF(AND(Z13>=1, Z13<2), IF(OR(X13="", Y13=""), "3PM", ", 3PM"), "") & IF(AND(AA13>=1, AA13<2), IF(OR(X13="", Y13="", Z13=""), "PTS", ", PTS"), "") & IF(AND(AB13>=1, AB13<2), IF(OR(X13="", Y13="", Z13="", AA13=""), "TREB", ", TREB"), "") & IF(AND(AC13>=1, AC13<2), IF(OR(X13="", Y13="", Z13="", AA13="", AB13=""), "AST", ", AST"), "") & IF(AND(AD13>=1, AD13<2), IF(OR(X13="", Y13="", Z13="", AA13="", AB13="", AC13=""), "STL", ", STL"), "") & IF(AND(AE13>=1, AE13<2), IF(OR(X13="", Y13="", Z13="", AA13="", AB13="", AC13="", AD13=""), "BLK", ", BLK"), "") & IF(AND(AF13>=1, AF13<2), IF(OR(X13="", Y13="", Z13="", AA13="", AB13="", AC13="", AD13="", AE13=""), "TO", ", TO"), "") -> , FT%, 3PM, STL | AN13: =IF(AND(X13>=0, X13<1), "FG%", "") & IF(AND(Y13>=0, Y13<1), IF(X13="", "FT%", ", FT%"), "") & IF(AND(Z13>=0, Z13<1), IF(AND(X13="", Y13=""), "3PM", ", 3PM"), "") & IF(AND(AA13>=0, AA13<1), IF(AND(X13="", Y13="", Z13=""), "PTS", ", PTS"), "") & IF(AND(AB13>=0, AB13<1), IF(AND(X13="", Y13="", Z13="", AA13=""), "TREB", ", TREB"), "") & IF(AND(AC13>=0, AC13<1), IF(AND(X13="", Y13="", Z13="", AA13="", AB13=""), "AST", ", AST"), "") & IF(AND(AD13>=0, AD13<1), IF(AND(X13="", Y13="", Z13="", AA13="", AB13="", AC13=""), "STL", ", STL"), "") & IF(AND(AE13>=0, AE13<1), IF(AND(X13="", Y13="", Z13="", AA13="", AB13="", AC13="", AD13=""), "BLK", ", BLK"), "") & IF(AND(AF13>=0, AF13<1), IF(AND(X13="", Y13="", Z13="", AA13="", AB13="", AC13="", AD13="", AE13=""), "TO", ", TO"), "") -> , AST | AO13: =IF(X13<0, "FG%", "") & IF(Y13<0, IF(X13="", "FT%", ", FT%"), "") & IF(Z13<0, IF(AND(X13="", Y13=""), "3PM", ", 3PM"), "") & IF(AA13<0, IF(AND(X13="", Y13="", Z13=""), "PTS", ", PTS"), "") & IF(AB13<0, IF(AND(X13="", Y13="", Z13="", AA13=""), "TREB", ", TREB"), "") & IF(AC13<0, IF(AND(X13="", Y13="", Z13="", AA13="", AB13=""), "AST", ", AST"), "") & IF(AD13<0, IF(AND(X13="", Y13="", Z13="", AA13="", AB13="", AC13=""), "STL", ", STL"), "") & IF(AE13<0, IF(AND(X13="", Y13="", Z13="", AA13="", AB13="", AC13="", AD13=""), "BLK", ", BLK"), "") & IF(AF13<0, IF(AND(X13="", Y13="", Z13="", AA13="", AB13="", AC13="", AD13="", AE13=""), "TO", ", TO"), "") -> FG%, TREB, BLK, TO | AP13: =VLOOKUP(B13,'2025-2026 actuals'!B:Q,16,FALSE) -> 7 | AQ13: =SUM(X13:AF13) -> 4.1826614 | AR13: =RANK(AQ13,AQ:AQ) -> 11
A14: =C14 -> 12 | B14: Karl-Anthony Towns | C14: =AR14 -> 12 | D14: =AP14 -> 23 | E14: =VLOOKUP(B14,'2026-2027 adp'!A:C,3,FALSE) -> 15.6 | F14: =E14-A14 -> 3.6 | H14: 0.524(9.1/17.4) | I14: 0.848(4.5/5.3) | J14: 1.7 | K14: 21.3 | L14: 11.8 | M14: 3.5 | N14: 0.9 | O14: 0.6 | P14: 2.5 | Q14: 6.66 | R14: 7.6 | S14: 14.7 | T14: =R14/S14 -> 0.5170068 | U14: 4.6 | V14: 5.4 | W14: =U14/V14 -> 0.85185185 | X14: =IF(((T14 - '2026-2027 means'!E$2) / '2026-2027 means'!R$2) * (S14 / '2026-2027 means'!B$2) / 2 < -2, -2, ((T14 - '2026-2027 means'!E$2) / '2026-2027 means'!R$2) * (S14 / '2026-2027 means'!B$2) / 2) -> 0.9292095 | Y14: =IF(((W14 - '2026-2027 means'!F$2) / '2026-2027 means'!S$2) * (V14 / '2026-2027 means'!D$2) < -2, -2, ((W14 - '2026-2027 means'!F$2) / '2026-2027 means'!S$2) * (V14 / '2026-2027 means'!D$2)) -> 1.0689096 | Z14: =(J14-'2026-2027 means'!G$2)/'2026-2027 means'!T$2 -> 0.034548399 | AA14: =(K14-'2026-2027 means'!H$2)/'2026-2027 means'!U$2 -> 1.0227317 | AB14: =(L14-'2026-2027 means'!I$2)/'2026-2027 means'!V$2 -> 2.5441814 | AC14: =(M14-'2026-2027 means'!J$2)/'2026-2027 means'!W$2 -> -0.077062871 | AD14: =(N14-'2026-2027 means'!K$2)/'2026-2027 means'!X$2 -> -0.34169827 | AE14: =(O14-'2026-2027 means'!L$2)/'2026-2027 means'!Y$2 -> -0.15959693 | AF14: =IF(((P14 - '2026-2027 means'!M$2) / '2026-2027 means'!Z$2 * -1) < -2, -2, (P14 - '2026-2027 means'!M$2) / '2026-2027 means'!Z$2 * -1) -> -0.89278064 | AG14: =COUNTIFS(X14:AE14,">="&1) -> 3 | AH14: =COUNTIFS(X14:AE14,"<="&-0.25) -> 1 | AI14: =AG14/AH14 -> 3 | AJ14: =_xlfn.CONCAT(AL14,AM14,AN14) -> #NAME? | AK14: =AO14 -> , AST, STL, BLK, TO | AL14: =IF(X14>2, "FG%", "") & IF(Y14>2, ", FT%", "") & IF(Z14>2, ", 3PM", "") & IF(AA14>2, ", PTS", "") & IF(AB14>2, ", TREB", "") & IF(AC14>2, ", AST", "") & IF(AD14>2, ", STL", "") & IF(AE14>2, ", BLK", "") & IF(AF14>2, ", TO", "") -> , TREB | AM14: =IF(AND(X14>=1, X14<2), "FG%", "") & IF(AND(Y14>=1, Y14<2), IF(X14="", "FT%", ", FT%"), "") & IF(AND(Z14>=1, Z14<2), IF(OR(X14="", Y14=""), "3PM", ", 3PM"), "") & IF(AND(AA14>=1, AA14<2), IF(OR(X14="", Y14="", Z14=""), "PTS", ", PTS"), "") & IF(AND(AB14>=1, AB14<2), IF(OR(X14="", Y14="", Z14="", AA14=""), "TREB", ", TREB"), "") & IF(AND(AC14>=1, AC14<2), IF(OR(X14="", Y14="", Z14="", AA14="", AB14=""), "AST", ", AST"), "") & IF(AND(AD14>=1, AD14<2), IF(OR(X14="", Y14="", Z14="", AA14="", AB14="", AC14=""), "STL", ", STL"), "") & IF(AND(AE14>=1, AE14<2), IF(OR(X14="", Y14="", Z14="", AA14="", AB14="", AC14="", AD14=""), "BLK", ", BLK"), "") & IF(AND(AF14>=1, AF14<2), IF(OR(X14="", Y14="", Z14="", AA14="", AB14="", AC14="", AD14="", AE14=""), "TO", ", TO"), "") -> , FT%, PTS | AN14: =IF(AND(X14>=0, X14<1), "FG%", "") & IF(AND(Y14>=0, Y14<1), IF(X14="", "FT%", ", FT%"), "") & IF(AND(Z14>=0, Z14<1), IF(AND(X14="", Y14=""), "3PM", ", 3PM"), "") & IF(AND(AA14>=0, AA14<1), IF(AND(X14="", Y14="", Z14=""), "PTS", ", PTS"), "") & IF(AND(AB14>=0, AB14<1), IF(AND(X14="", Y14="", Z14="", AA14=""), "TREB", ", TREB"), "") & IF(AND(AC14>=0, AC14<1), IF(AND(X14="", Y14="", Z14="", AA14="", AB14=""), "AST", ", AST"), "") & IF(AND(AD14>=0, AD14<1), IF(AND(X14="", Y14="", Z14="", AA14="", AB14="", AC14=""), "STL", ", STL"), "") & IF(AND(AE14>=0, AE14<1), IF(AND(X14="", Y14="", Z14="", AA14="", AB14="", AC14="", AD14=""), "BLK", ", BLK"), "") & IF(AND(AF14>=0, AF14<1), IF(AND(X14="", Y14="", Z14="", AA14="", AB14="", AC14="", AD14="", AE14=""), "TO", ", TO"), "") -> FG%, 3PM | AO14: =IF(X14<0, "FG%", "") & IF(Y14<0, IF(X14="", "FT%", ", FT%"), "") & IF(Z14<0, IF(AND(X14="", Y14=""), "3PM", ", 3PM"), "") & IF(AA14<0, IF(AND(X14="", Y14="", Z14=""), "PTS", ", PTS"), "") & IF(AB14<0, IF(AND(X14="", Y14="", Z14="", AA14=""), "TREB", ", TREB"), "") & IF(AC14<0, IF(AND(X14="", Y14="", Z14="", AA14="", AB14=""), "AST", ", AST"), "") & IF(AD14<0, IF(AND(X14="", Y14="", Z14="", AA14="", AB14="", AC14=""), "STL", ", STL"), "") & IF(AE14<0, IF(AND(X14="", Y14="", Z14="", AA14="", AB14="", AC14="", AD14=""), "BLK", ", BLK"), "") & IF(AF14<0, IF(AND(X14="", Y14="", Z14="", AA14="", AB14="", AC14="", AD14="", AE14=""), "TO", ", TO"), "") -> , AST, STL, BLK, TO | AP14: =VLOOKUP(B14,'2025-2026 actuals'!B:Q,16,FALSE) -> 23 | AQ14: =SUM(X14:AF14) -> 4.1284418 | AR14: =RANK(AQ14,AQ:AQ) -> 12
... A36: =C36 -> 31 | B36: Jalen Duren | C36: =AR36 -> 31 | D36: =AP36 -> 40 | E36: =VLOOKUP(B36,'2026-2027 adp'!A:C,3,FALSE) -> 35.7 | F36: =E36-A36 -> 4.7 | H36: 0.494(7.9/16.0) | I36: 0.813(2.6/3.2) | J36: 0 | K36: 17.7 | L36: 11.1 | M36: 2.5 | N36: 0.8 | O36: 0.9 | P36: 1.9 | Q36: 4.24 | R36: 6.9 | S36: 10.7 | T36: =R36/S36 -> 0.64485981 | U36: 3.9 | V36: 5.2 | W36: =U36/V36 -> 0.75 | X36: =IF(((T36 - '2026-2027 means'!E$2) / '2026-2027 means'!R$2) * (S36 / '2026-2027 means'!B$2) / 2 < -2, -2, ((T36 - '2026-2027 means'!E$2) / '2026-2027 means'!R$2) * (S36 / '2026-2027 means'!B$2) / 2) -> 3.1949877 | Y36: =IF(((W36 - '2026-2027 means'!F$2) / '2026-2027 means'!S$2) * (V36 / '2026-2027 means'!D$2) < -2, -2, ((W36 - '2026-2027 means'!F$2) / '2026-2027 means'!S$2) * (V36 / '2026-2027 means'!D$2)) -> -0.81192971 | Z36: =(J36-'2026-2027 means'!G$2)/'2026-2027 means'!T$2 -> -1.7541164 | AA36: =(K36-'2026-2027 means'!H$2)/'2026-2027 means'!U$2 -> 0.34128725 | AB36: =(L36-'2026-2027 means'!I$2)/'2026-2027 means'!V$2 -> 2.2528913 | AC36: =(M36-'2026-2027 means'!J$2)/'2026-2027 means'!W$2 -> -0.59338411 | AD36: =(N36-'2026-2027 means'!K$2)/'2026-2027 means'!X$2 -> -0.63520832 | AE36: =(O36-'2026-2027 means'!L$2)/'2026-2027 means'!Y$2 -> 0.44949769 | AF36: =IF(((P36 - '2026-2027 means'!M$2) / '2026-2027 means'!Z$2 * -1) < -2, -2, (P36 - '2026-2027 means'!M$2) / '2026-2027 means'!Z$2 * -1) -> -0.07400235 | AG36: =COUNTIFS(X36:AE36,">="&1) -> 2 | AH36: =COUNTIFS(X36:AE36,"<="&-0.25) -> 4 | AI36: =AG36/AH36 -> 0.5 | AJ36: =_xlfn.CONCAT(AL36,AM36,AN36) -> #NAME? | AK36: =AO36 -> , FT%, 3PM, AST, STL, TO | AL36: =IF(X36>2, "FG%", "") & IF(Y36>2, ", FT%", "") & IF(Z36>2, ", 3PM", "") & IF(AA36>2, ", PTS", "") & IF(AB36>2, ", TREB", "") & IF(AC36>2, ", AST", "") & IF(AD36>2, ", STL", "") & IF(AE36>2, ", BLK", "") & IF(AF36>2, ", TO", "") -> FG%, TREB | AM36: =IF(AND(X36>=1, X36<2), "FG%", "") & IF(AND(Y36>=1, Y36<2), IF(X36="", "FT%", ", FT%"), "") & IF(AND(Z36>=1, Z36<2), IF(OR(X36="", Y36=""), "3PM", ", 3PM"), "") & IF(AND(AA36>=1, AA36<2), IF(OR(X36="", Y36="", Z36=""), "PTS", ", PTS"), "") & IF(AND(AB36>=1, AB36<2), IF(OR(X36="", Y36="", Z36="", AA36=""), "TREB", ", TREB"), "") & IF(AND(AC36>=1, AC36<2), IF(OR(X36="", Y36="", Z36="", AA36="", AB36=""), "AST", ", AST"), "") & IF(AND(AD36>=1, AD36<2), IF(OR(X36="", Y36="", Z36="", AA36="", AB36="", AC36=""), "STL", ", STL"), "") & IF(AND(AE36>=1, AE36<2), IF(OR(X36="", Y36="", Z36="", AA36="", AB36="", AC36="", AD36=""), "BLK", ", BLK"), "") & IF(AND(AF36>=1, AF36<2), IF(OR(X36="", Y36="", Z36="", AA36="", AB36="", AC36="", AD36="", AE36=""), "TO", ", TO"), "") | AN36: =IF(AND(X36>=0, X36<1), "FG%", "") & IF(AND(Y36>=0, Y36<1), IF(X36="", "FT%", ", FT%"), "") & IF(AND(Z36>=0, Z36<1), IF(AND(X36="", Y36=""), "3PM", ", 3PM"), "") & IF(AND(AA36>=0, AA36<1), IF(AND(X36="", Y36="", Z36=""), "PTS", ", PTS"), "") & IF(AND(AB36>=0, AB36<1), IF(AND(X36="", Y36="", Z36="", AA36=""), "TREB", ", TREB"), "") & IF(AND(AC36>=0, AC36<1), IF(AND(X36="", Y36="", Z36="", AA36="", AB36=""), "AST", ", AST"), "") & IF(AND(AD36>=0, AD36<1), IF(AND(X36="", Y36="", Z36="", AA36="", AB36="", AC36=""), "STL", ", STL"), "") & IF(AND(AE36>=0, AE36<1), IF(AND(X36="", Y36="", Z36="", AA36="", AB36="", AC36="", AD36=""), "BLK", ", BLK"), "") & IF(AND(AF36>=0, AF36<1), IF(AND(X36="", Y36="", Z36="", AA36="", AB36="", AC36="", AD36="", AE36=""), "TO", ", TO"), "") -> , PTS, BLK | AO36: =IF(X36<0, "FG%", "") & IF(Y36<0, IF(X36="", "FT%", ", FT%"), "") & IF(Z36<0, IF(AND(X36="", Y36=""), "3PM", ", 3PM"), "") & IF(AA36<0, IF(AND(X36="", Y36="", Z36=""), "PTS", ", PTS"), "") & IF(AB36<0, IF(AND(X36="", Y36="", Z36="", AA36=""), "TREB", ", TREB"), "") & IF(AC36<0, IF(AND(X36="", Y36="", Z36="", AA36="", AB36=""), "AST", ", AST"), "") & IF(AD36<0, IF(AND(X36="", Y36="", Z36="", AA36="", AB36="", AC36=""), "STL", ", STL"), "") & IF(AE36<0, IF(AND(X36="", Y36="", Z36="", AA36="", AB36="", AC36="", AD36=""), "BLK", ", BLK"), "") & IF(AF36<0, IF(AND(X36="", Y36="", Z36="", AA36="", AB36="", AC36="", AD36="", AE36=""), "TO", ", TO"), "") -> , FT%, 3PM, AST, STL, TO | AP36: =VLOOKUP(B36,'2025-2026 actuals'!B:Q,16,FALSE) -> 40 | AQ36: =SUM(X36:AF36) -> 2.3700231 | AR36: =RANK(AQ36,AQ:AQ) -> 31
A37: =C37 -> 34 | B37: Zach Edey | C37: =AR37 -> 34 | D37: =AP37 -> 29 | E37: =VLOOKUP(B37,'2026-2027 adp'!A:C,3,FALSE) -> 75.4 | F37: =E37-A37 -> 41.4 | G37: x | H37: 0.525(8.2/15.6) | I37: 0.702(4.4/5.8) | J37: 0.3 | K37: 13.3 | L37: 10.3 | M37: 1.2 | N37: 0.7 | O37: 1.8 | P37: 1.8 | Q37: 4.22 | R37: 5.3 | S37: 8.5 | T37: =R37/S37 -> 0.62352941 | U37: 2.5 | V37: 3.2 | W37: =U37/V37 -> 0.78125 | X37: =IF(((T37 - '2026-2027 means'!E$2) / '2026-2027 means'!R$2) * (S37 / '2026-2027 means'!B$2) / 2 < -2, -2, ((T37 - '2026-2027 means'!E$2) / '2026-2027 means'!R$2) * (S37 / '2026-2027 means'!B$2) / 2) -> 2.2042742 | Y37: =IF(((W37 - '2026-2027 means'!F$2) / '2026-2027 means'!S$2) * (V37 / '2026-2027 means'!D$2) < -2, -2, ((W37 - '2026-2027 means'!F$2) / '2026-2027 means'!S$2) * (V37 / '2026-2027 means'!D$2)) -> -0.15200044 | Z37: =(J37-'2026-2027 means'!G$2)/'2026-2027 means'!T$2 -> -1.4384697 | AA37: =(K37-'2026-2027 means'!H$2)/'2026-2027 means'!U$2 -> -0.49158925 | AB37: =(L37-'2026-2027 means'!I$2)/'2026-2027 means'!V$2 -> 1.9199884 | AC37: =(M37-'2026-2027 means'!J$2)/'2026-2027 means'!W$2 -> -1.2646017 | AD37: =(N37-'2026-2027 means'!K$2)/'2026-2027 means'!X$2 -> -0.92871837 | AE37: =(O37-'2026-2027 means'!L$2)/'2026-2027 means'!Y$2 -> 2.2767815 | AF37: =IF(((P37 - '2026-2027 means'!M$2) / '2026-2027 means'!Z$2 * -1) < -2, -2, (P37 - '2026-2027 means'!M$2) / '2026-2027 means'!Z$2 * -1) -> 0.062460699 | AG37: =COUNTIFS(X37:AE37,">="&1) -> 3 | AH37: =COUNTIFS(X37:AE37,"<="&-0.25) -> 4 | AI37: =AG37/AH37 -> 0.75 | AJ37: =_xlfn.CONCAT(AL37,AM37,AN37) -> #NAME? | AK37: =AO37 -> , FT%, 3PM, PTS, AST, STL | AL37: =IF(X37>2, "FG%", "") & IF(Y37>2, ", FT%", "") & IF(Z37>2, ", 3PM", "") & IF(AA37>2, ", PTS", "") & IF(AB37>2, ", TREB", "") & IF(AC37>2, ", AST", "") & IF(AD37>2, ", STL", "") & IF(AE37>2, ", BLK", "") & IF(AF37>2, ", TO", "") -> FG%, BLK | AM37: =IF(AND(X37>=1, X37<2), "FG%", "") & IF(AND(Y37>=1, Y37<2), IF(X37="", "FT%", ", FT%"), "") & IF(AND(Z37>=1, Z37<2), IF(OR(X37="", Y37=""), "3PM", ", 3PM"), "") & IF(AND(AA37>=1, AA37<2), IF(OR(X37="", Y37="", Z37=""), "PTS", ", PTS"), "") & IF(AND(AB37>=1, AB37<2), IF(OR(X37="", Y37="", Z37="", AA37=""), "TREB", ", TREB"), "") & IF(AND(AC37>=1, AC37<2), IF(OR(X37="", Y37="", Z37="", AA37="", AB37=""), "AST", ", AST"), "") & IF(AND(AD37>=1, AD37<2), IF(OR(X37="", Y37="", Z37="", AA37="", AB37="", AC37=""), "STL", ", STL"), "") & IF(AND(AE37>=1, AE37<2), IF(OR(X37="", Y37="", Z37="", AA37="", AB37="", AC37="", AD37=""), "BLK", ", BLK"), "") & IF(AND(AF37>=1, AF37<2), IF(OR(X37="", Y37="", Z37="", AA37="", AB37="", AC37="", AD37="", AE37=""), "TO", ", TO"), "") -> , TREB | AN37: =IF(AND(X37>=0, X37<1), "FG%", "") & IF(AND(Y37>=0, Y37<1), IF(X37="", "FT%", ", FT%"), "") & IF(AND(Z37>=0, Z37<1), IF(AND(X37="", Y37=""), "3PM", ", 3PM"), "") & IF(AND(AA37>=0, AA37<1), IF(AND(X37="", Y37="", Z37=""), "PTS", ", PTS"), "") & IF(AND(AB37>=0, AB37<1), IF(AND(X37="", Y37="", Z37="", AA37=""), "TREB", ", TREB"), "") & IF(AND(AC37>=0, AC37<1), IF(AND(X37="", Y37="", Z37="", AA37="", AB37=""), "AST", ", AST"), "") & IF(AND(AD37>=0, AD37<1), IF(AND(X37="", Y37="", Z37="", AA37="", AB37="", AC37=""), "STL", ", STL"), "") & IF(AND(AE37>=0, AE37<1), IF(AND(X37="", Y37="", Z37="", AA37="", AB37="", AC37="", AD37=""), "BLK", ", BLK"), "") & IF(AND(AF37>=0, AF37<1), IF(AND(X37="", Y37="", Z37="", AA37="", AB37="", AC37="", AD37="", AE37=""), "TO", ", TO"), "") -> , TO | AO37: =IF(X37<0, "FG%", "") & IF(Y37<0, IF(X37="", "FT%", ", FT%"), "") & IF(Z37<0, IF(AND(X37="", Y37=""), "3PM", ", 3PM"), "") & IF(AA37<0, IF(AND(X37="", Y37="", Z37=""), "PTS", ", PTS"), "") & IF(AB37<0, IF(AND(X37="", Y37="", Z37="", AA37=""), "TREB", ", TREB"), "") & IF(AC37<0, IF(AND(X37="", Y37="", Z37="", AA37="", AB37=""), "AST", ", AST"), "") & IF(AD37<0, IF(AND(X37="", Y37="", Z37="", AA37="", AB37="", AC37=""), "STL", ", STL"), "") & IF(AE37<0, IF(AND(X37="", Y37="", Z37="", AA37="", AB37="", AC37="", AD37=""), "BLK", ", BLK"), "") & IF(AF37<0, IF(AND(X37="", Y37="", Z37="", AA37="", AB37="", AC37="", AD37="", AE37=""), "TO", ", TO"), "") -> , FT%, 3PM, PTS, AST, STL | AP37: =VLOOKUP(B37,'2025-2026 actuals'!B:Q,16,FALSE) -> 29 | AQ37: =SUM(X37:AF37) -> 2.1881254 | AR37: =RANK(AQ37,AQ:AQ) -> 34
A38: =C38 -> 46 | B38: Darius Garland | C38: =AR38 -> 46 | D38: =AP38 -> 66 | E38: =VLOOKUP(B38,'2026-2027 adp'!A:C,3,FALSE) -> 61.5 | F38: =E38-A38 -> 15.5 | H38: 0.478(5.5/11.5) | I38: 0.641(1.1/1.7) | J38: 2.9 | K38: 20.8 | L38: 2.8 | M38: 7 | N38: 1.2 | O38: 0.2 | P38: 2.8 | Q38: 4.22 | R38: 7.5 | S38: 16.1 | T38: =R38/S38 -> 0.46583851 | U38: 2.9 | V38: 3.3 | W38: =U38/V38 -> 0.87878788 | X38: =IF(((T38 - '2026-2027 means'!E$2) / '2026-2027 means'!R$2) * (S38 / '2026-2027 means'!B$2) / 2 < -2, -2, ((T38 - '2026-2027 means'!E$2) / '2026-2027 means'!R$2) * (S38 / '2026-2027 means'!B$2) / 2) -> -0.49897964 | Y38: =IF(((W38 - '2026-2027 means'!F$2) / '2026-2027 means'!S$2) * (V38 / '2026-2027 means'!D$2) < -2, -2, ((W38 - '2026-2027 means'!F$2) / '2026-2027 means'!S$2) * (V38 / '2026-2027 means'!D$2)) -> 0.96224353 | Z38: =(J38-'2026-2027 means'!G$2)/'2026-2027 means'!T$2 -> 1.2971353 | AA38: =(K38-'2026-2027 means'!H$2)/'2026-2027 means'!U$2 -> 0.9280866 | AB38: =(L38-'2026-2027 means'!I$2)/'2026-2027 means'!V$2 -> -1.2009762 | AC38: =(M38-'2026-2027 means'!J$2)/'2026-2027 means'!W$2 -> 1.7300615 | AD38: =(N38-'2026-2027 means'!K$2)/'2026-2027 means'!X$2 -> 0.53883188 | AE38: =(O38-'2026-2027 means'!L$2)/'2026-2027 means'!Y$2 -> -0.97172309 | AF38: =IF(((P38 - '2026-2027 means'!M$2) / '2026-2027 means'!Z$2 * -1) < -2, -2, (P38 - '2026-2027 means'!M$2) / '2026-2027 means'!Z$2 * -1) -> -1.3021698 | AG38: =COUNTIFS(X38:AE38,">="&1) -> 2 | AH38: =COUNTIFS(X38:AE38,"<="&-0.25) -> 3 | AI38: =AG38/AH38 -> 0.66666667 | AJ38: =_xlfn.CONCAT(AL38,AM38,AN38) -> #NAME? | AK38: =AO38 -> FG%, TREB, BLK, TO | AL38: =IF(X38>2, "FG%", "") & IF(Y38>2, ", FT%", "") & IF(Z38>2, ", 3PM", "") & IF(AA38>2, ", PTS", "") & IF(AB38>2, ", TREB", "") & IF(AC38>2, ", AST", "") & IF(AD38>2, ", STL", "") & IF(AE38>2, ", BLK", "") & IF(AF38>2, ", TO", "") | AM38: =IF(AND(X38>=1, X38<2), "FG%", "") & IF(AND(Y38>=1, Y38<2), IF(X38="", "FT%", ", FT%"), "") & IF(AND(Z38>=1, Z38<2), IF(OR(X38="", Y38=""), "3PM", ", 3PM"), "") & IF(AND(AA38>=1, AA38<2), IF(OR(X38="", Y38="", Z38=""), "PTS", ", PTS"), "") & IF(AND(AB38>=1, AB38<2), IF(OR(X38="", Y38="", Z38="", AA38=""), "TREB", ", TREB"), "") & IF(AND(AC38>=1, AC38<2), IF(OR(X38="", Y38="", Z38="", AA38="", AB38=""), "AST", ", AST"), "") & IF(AND(AD38>=1, AD38<2), IF(OR(X38="", Y38="", Z38="", AA38="", AB38="", AC38=""), "STL", ", STL"), "") & IF(AND(AE38>=1, AE38<2), IF(OR(X38="", Y38="", Z38="", AA38="", AB38="", AC38="", AD38=""), "BLK", ", BLK"), "") & IF(AND(AF38>=1, AF38<2), IF(OR(X38="", Y38="", Z38="", AA38="", AB38="", AC38="", AD38="", AE38=""), "TO", ", TO"), "") -> , 3PM, AST | AN38: =IF(AND(X38>=0, X38<1), "FG%", "") & IF(AND(Y38>=0, Y38<1), IF(X38="", "FT%", ", FT%"), "") & IF(AND(Z38>=0, Z38<1), IF(AND(X38="", Y38=""), "3PM", ", 3PM"), "") & IF(AND(AA38>=0, AA38<1), IF(AND(X38="", Y38="", Z38=""), "PTS", ", PTS"), "") & IF(AND(AB38>=0, AB38<1), IF(AND(X38="", Y38="", Z38="", AA38=""), "TREB", ", TREB"), "") & IF(AND(AC38>=0, AC38<1), IF(AND(X38="", Y38="", Z38="", AA38="", AB38=""), "AST", ", AST"), "") & IF(AND(AD38>=0, AD38<1), IF(AND(X38="", Y38="", Z38="", AA38="", AB38="", AC38=""), "STL", ", STL"), "") & IF(AND(AE38>=0, AE38<1), IF(AND(X38="", Y38="", Z38="", AA38="", AB38="", AC38="", AD38=""), "BLK", ", BLK"), "") & IF(AND(AF38>=0, AF38<1), IF(AND(X38="", Y38="", Z38="", AA38="", AB38="", AC38="", AD38="", AE38=""), "TO", ", TO"), "") -> , FT%, PTS, STL | AO38: =IF(X38<0, "FG%", "") & IF(Y38<0, IF(X38="", "FT%", ", FT%"), "") & IF(Z38<0, IF(AND(X38="", Y38=""), "3PM", ", 3PM"), "") & IF(AA38<0, IF(AND(X38="", Y38="", Z38=""), "PTS", ", PTS"), "") & IF(AB38<0, IF(AND(X38="", Y38="", Z38="", AA38=""), "TREB", ", TREB"), "") & IF(AC38<0, IF(AND(X38="", Y38="", Z38="", AA38="", AB38=""), "AST", ", AST"), "") & IF(AD38<0, IF(AND(X38="", Y38="", Z38="", AA38="", AB38="", AC38=""), "STL", ", STL"), "") & IF(AE38<0, IF(AND(X38="", Y38="", Z38="", AA38="", AB38="", AC38="", AD38=""), "BLK", ", BLK"), "") & IF(AF38<0, IF(AND(X38="", Y38="", Z38="", AA38="", AB38="", AC38="", AD38="", AE38=""), "TO", ", TO"), "") -> FG%, TREB, BLK, TO | AP38: =VLOOKUP(B38,'2025-2026 actuals'!B:Q,16,FALSE) -> 66 | AQ38: =SUM(X38:AF38) -> 1.4825101 | AR38: =RANK(AQ38,AQ:AQ) -> 46
A39: =C39 -> 32 | B39: Jalen Williams | C39: =AR39 -> 32 | D39: =AP39 -> 78 | E39: =VLOOKUP(B39,'2026-2027 adp'!A:C,3,FALSE) -> 40.4 | F39: =E39-A39 -> 8.4 | H39: 0.468(10.8/23.0) | I39: 0.750(3.7/4.9) | J39: 1.5 | K39: 20.4 | L39: 5.2 | M39: 5.3 | N39: 1.5 | O39: 0.6 | P39: 2.1 | Q39: 4.13 | R39: 7.8 | S39: 16 | T39: =R39/S39 -> 0.4875 | U39: 3.4 | V39: 4.3 | W39: =U39/V39 -> 0.79069767 | X39: =IF(((T39 - '2026-2027 means'!E$2) / '2026-2027 means'!R$2) * (S39 / '2026-2027 means'!B$2) / 2 < -2, -2, ((T39 - '2026-2027 means'!E$2) / '2026-2027 means'!R$2) * (S39 / '2026-2027 means'!B$2) / 2) -> 0.14220234 | Y39: =IF(((W39 - '2026-2027 means'!F$2) / '2026-2027 means'!S$2) * (V39 / '2026-2027 means'!D$2) < -2, -2, ((W39 - '2026-2027 means'!F$2) / '2026-2027 means'!S$2) * (V39 / '2026-2027 means'!D$2)) -> -0.063018339 | Z39: =(J39-'2026-2027 means'!G$2)/'2026-2027 means'!T$2 -> -0.17588276 | AA39: =(K39-'2026-2027 means'!H$2)/'2026-2027 means'!U$2 -> 0.85237056 | AB39: =(L39-'2026-2027 means'!I$2)/'2026-2027 means'!V$2 -> -0.20226749 | AC39: =(M39-'2026-2027 means'!J$2)/'2026-2027 means'!W$2 -> 0.85231535 | AD39: =(N39-'2026-2027 means'!K$2)/'2026-2027 means'!X$2 -> 1.419362 | AE39: =(O39-'2026-2027 means'!L$2)/'2026-2027 means'!Y$2 -> -0.15959693 | AF39: =IF(((P39 - '2026-2027 means'!M$2) / '2026-2027 means'!Z$2 * -1) < -2, -2, (P39 - '2026-2027 means'!M$2) / '2026-2027 means'!Z$2 * -1) -> -0.34692845 | AG39: =COUNTIFS(X39:AE39,">="&1) -> 1 | AH39: =COUNTIFS(X39:AE39,"<="&-0.25) -> 0 | AI39: =AG39/AH39 -> #DIV/0! | AJ39: =_xlfn.CONCAT(AL39,AM39,AN39) -> #NAME? | AK39: =AO39 -> , FT%, 3PM, TREB, BLK, TO | AL39: =IF(X39>2, "FG%", "") & IF(Y39>2, ", FT%", "") & IF(Z39>2, ", 3PM", "") & IF(AA39>2, ", PTS", "") & IF(AB39>2, ", TREB", "") & IF(AC39>2, ", AST", "") & IF(AD39>2, ", STL", "") & IF(AE39>2, ", BLK", "") & IF(AF39>2, ", TO", "") | AM39: =IF(AND(X39>=1, X39<2), "FG%", "") & IF(AND(Y39>=1, Y39<2), IF(X39="", "FT%", ", FT%"), "") & IF(AND(Z39>=1, Z39<2), IF(OR(X39="", Y39=""), "3PM", ", 3PM"), "") & IF(AND(AA39>=1, AA39<2), IF(OR(X39="", Y39="", Z39=""), "PTS", ", PTS"), "") & IF(AND(AB39>=1, AB39<2), IF(OR(X39="", Y39="", Z39="", AA39=""), "TREB", ", TREB"), "") & IF(AND(AC39>=1, AC39<2), IF(OR(X39="", Y39="", Z39="", AA39="", AB39=""), "AST", ", AST"), "") & IF(AND(AD39>=1, AD39<2), IF(OR(X39="", Y39="", Z39="", AA39="", AB39="", AC39=""), "STL", ", STL"), "") & IF(AND(AE39>=1, AE39<2), IF(OR(X39="", Y39="", Z39="", AA39="", AB39="", AC39="", AD39=""), "BLK", ", BLK"), "") & IF(AND(AF39>=1, AF39<2), IF(OR(X39="", Y39="", Z39="", AA39="", AB39="", AC39="", AD39="", AE39=""), "TO", ", TO"), "") -> , STL | AN39: =IF(AND(X39>=0, X39<1), "FG%", "") & IF(AND(Y39>=0, Y39<1), IF(X39="", "FT%", ", FT%"), "") & IF(AND(Z39>=0, Z39<1), IF(AND(X39="", Y39=""), "3PM", ", 3PM"), "") & IF(AND(AA39>=0, AA39<1), IF(AND(X39="", Y39="", Z39=""), "PTS", ", PTS"), "") & IF(AND(AB39>=0, AB39<1), IF(AND(X39="", Y39="", Z39="", AA39=""), "TREB", ", TREB"), "") & IF(AND(AC39>=0, AC39<1), IF(AND(X39="", Y39="", Z39="", AA39="", AB39=""), "AST", ", AST"), "") & IF(AND(AD39>=0, AD39<1), IF(AND(X39="", Y39="", Z39="", AA39="", AB39="", AC39=""), "STL", ", STL"), "") & IF(AND(AE39>=0, AE39<1), IF(AND(X39="", Y39="", Z39="", AA39="", AB39="", AC39="", AD39=""), "BLK", ", BLK"), "") & IF(AND(AF39>=0, AF39<1), IF(AND(X39="", Y39="", Z39="", AA39="", AB39="", AC39="", AD39="", AE39=""), "TO", ", TO"), "") -> FG%, PTS, AST | AO39: =IF(X39<0, "FG%", "") & IF(Y39<0, IF(X39="", "FT%", ", FT%"), "") & IF(Z39<0, IF(AND(X39="", Y39=""), "3PM", ", 3PM"), "") & IF(AA39<0, IF(AND(X39="", Y39="", Z39=""), "PTS", ", PTS"), "") & IF(AB39<0, IF(AND(X39="", Y39="", Z39="", AA39=""), "TREB", ", TREB"), "") & IF(AC39<0, IF(AND(X39="", Y39="", Z39="", AA39="", AB39=""), "AST", ", AST"), "") & IF(AD39<0, IF(AND(X39="", Y39="", Z39="", AA39="", AB39="", AC39=""), "STL", ", STL"), "") & IF(AE39<0, IF(AND(X39="", Y39="", Z39="", AA39="", AB39="", AC39="", AD39=""), "BLK", ", BLK"), "") & IF(AF39<0, IF(AND(X39="", Y39="", Z39="", AA39="", AB39="", AC39="", AD39="", AE39=""), "TO", ", TO"), "") -> , FT%, 3PM, TREB, BLK, TO | AP39: =VLOOKUP(B39,'2025-2026 actuals'!B:Q,16,FALSE) -> 78 | AQ39: =SUM(X39:AF39) -> 2.3185563 | AR39: =RANK(AQ39,AQ:AQ) -> 32
A40: =C40 -> 51 | B40: Domantas Sabonis | C40: =AR40 -> 51 | D40: =AP40 -> 89 | E40: =VLOOKUP(B40,'2026-2027 adp'!A:C,3,FALSE) -> 28.6 | F40: =E40-A40 -> -22.4 | H40: 0.515(9.3/18.0) | I40: 0.748(4.2/5.6) | J40: 0.7 | K40: 17 | L40: 12.3 | M40: 5.2 | N40: 0.7 | O40: 0.3 | P40: 2.6 | Q40: 4.05 | R40: 6.7 | S40: 11.5 | T40: =R40/S40 -> 0.5826087 | U40: 2.8 | V40: 3.8 | W40: =U40/V40 -> 0.73684211 | X40: =IF(((T40 - '2026-2027 means'!E$2) / '2026-2027 means'!R$2) * (S40 / '2026-2027 means'!B$2) / 2 < -2, -2, ((T40 - '2026-2027 means'!E$2) / '2026-2027 means'!R$2) * (S40 / '2026-2027 means'!B$2) / 2) -> 2.1158707 | Y40: =IF(((W40 - '2026-2027 means'!F$2) / '2026-2027 means'!S$2) * (V40 / '2026-2027 means'!D$2) < -2, -2, ((W40 - '2026-2027 means'!F$2) / '2026-2027 means'!S$2) * (V40 / '2026-2027 means'!D$2)) -> -0.76715756 | Z40: =(J40-'2026-2027 means'!G$2)/'2026-2027 means'!T$2 -> -1.0176074 | AA40: =(K40-'2026-2027 means'!H$2)/'2026-2027 means'!U$2 -> 0.20878417 | AB40: =(L40-'2026-2027 means'!I$2)/'2026-2027 means'!V$2 -> 2.7522457 | AC40: =(M40-'2026-2027 means'!J$2)/'2026-2027 means'!W$2 -> 0.80068323 | AD40: =(N40-'2026-2027 means'!K$2)/'2026-2027 means'!X$2 -> -0.92871837 | AE40: =(O40-'2026-2027 means'!L$2)/'2026-2027 means'!Y$2 -> -0.76869155 | AF40: =IF(((P40 - '2026-2027 means'!M$2) / '2026-2027 means'!Z$2 * -1) < -2, -2, (P40 - '2026-2027 means'!M$2) / '2026-2027 means'!Z$2 * -1) -> -1.0292437 | AG40: =COUNTIFS(X40:AE40,">="&1) -> 2 | AH40: =COUNTIFS(X40:AE40,"<="&-0.25) -> 4 | AI40: =AG40/AH40 -> 0.5 | AJ40: =_xlfn.CONCAT(AL40,AM40,AN40) -> #NAME? | AK40: =AO40 -> , FT%, 3PM, STL, BLK, TO | AL40: =IF(X40>2, "FG%", "") & IF(Y40>2, ", FT%", "") & IF(Z40>2, ", 3PM", "") & IF(AA40>2, ", PTS", "") & IF(AB40>2, ", TREB", "") & IF(AC40>2, ", AST", "") & IF(AD40>2, ", STL", "") & IF(AE40>2, ", BLK", "") & IF(AF40>2, ", TO", "") -> FG%, TREB | AM40: =IF(AND(X40>=1, X40<2), "FG%", "") & IF(AND(Y40>=1, Y40<2), IF(X40="", "FT%", ", FT%"), "") & IF(AND(Z40>=1, Z40<2), IF(OR(X40="", Y40=""), "3PM", ", 3PM"), "") & IF(AND(AA40>=1, AA40<2), IF(OR(X40="", Y40="", Z40=""), "PTS", ", PTS"), "") & IF(AND(AB40>=1, AB40<2), IF(OR(X40="", Y40="", Z40="", AA40=""), "TREB", ", TREB"), "") & IF(AND(AC40>=1, AC40<2), IF(OR(X40="", Y40="", Z40="", AA40="", AB40=""), "AST", ", AST"), "") & IF(AND(AD40>=1, AD40<2), IF(OR(X40="", Y40="", Z40="", AA40="", AB40="", AC40=""), "STL", ", STL"), "") & IF(AND(AE40>=1, AE40<2), IF(OR(X40="", Y40="", Z40="", AA40="", AB40="", AC40="", AD40=""), "BLK", ", BLK"), "") & IF(AND(AF40>=1, AF40<2), IF(OR(X40="", Y40="", Z40="", AA40="", AB40="", AC40="", AD40="", AE40=""), "TO", ", TO"), "") | AN40: =IF(AND(X40>=0, X40<1), "FG%", "") & IF(AND(Y40>=0, Y40<1), IF(X40="", "FT%", ", FT%"), "") & IF(AND(Z40>=0, Z40<1), IF(AND(X40="", Y40=""), "3PM", ", 3PM"), "") & IF(AND(AA40>=0, AA40<1), IF(AND(X40="", Y40="", Z40=""), "PTS", ", PTS"), "") & IF(AND(AB40>=0, AB40<1), IF(AND(X40="", Y40="", Z40="", AA40=""), "TREB", ", TREB"), "") & IF(AND(AC40>=0, AC40<1), IF(AND(X40="", Y40="", Z40="", AA40="", AB40=""), "AST", ", AST"), "") & IF(AND(AD40>=0, AD40<1), IF(AND(X40="", Y40="", Z40="", AA40="", AB40="", AC40=""), "STL", ", STL"), "") & IF(AND(AE40>=0, AE40<1), IF(AND(X40="", Y40="", Z40="", AA40="", AB40="", AC40="", AD40=""), "BLK", ", BLK"), "") & IF(AND(AF40>=0, AF40<1), IF(AND(X40="", Y40="", Z40="", AA40="", AB40="", AC40="", AD40="", AE40=""), "TO", ", TO"), "") -> , PTS, AST | AO40: =IF(X40<0, "FG%", "") & IF(Y40<0, IF(X40="", "FT%", ", FT%"), "") & IF(Z40<0, IF(AND(X40="", Y40=""), "3PM", ", 3PM"), "") & IF(AA40<0, IF(AND(X40="", Y40="", Z40=""), "PTS", ", PTS"), "") & IF(AB40<0, IF(AND(X40="", Y40="", Z40="", AA40=""), "TREB", ", TREB"), "") & IF(AC40<0, IF(AND(X40="", Y40="", Z40="", AA40="", AB40=""), "AST", ", AST"), "") & IF(AD40<0, IF(AND(X40="", Y40="", Z40="", AA40="", AB40="", AC40=""), "STL", ", STL"), "") & IF(AE40<0, IF(AND(X40="", Y40="", Z40="", AA40="", AB40="", AC40="", AD40=""), "BLK", ", BLK"), "") & IF(AF40<0, IF(AND(X40="", Y40="", Z40="", AA40="", AB40="", AC40="", AD40="", AE40=""), "TO", ", TO"), "") -> , FT%, 3PM, STL, BLK, TO | AP40: =VLOOKUP(B40,'2025-2026 actuals'!B:Q,16,FALSE) -> 89 | AQ40: =SUM(X40:AF40) -> 1.3661652 | AR40: =RANK(AQ40,AQ:AQ) -> 51
